atrnumpro;atrnumced;atrcuenro;atrresnro;atratrtar;atratrord;atroriord;atroritar;atrpestar;atrdoltar;atrpesord;atrdolord;atrdeutot;atrcodusu;atrcodres;atramnnro;atrdiatram;atrdeuamn;atrtipamn;atrnumtel;atrnumcel;atrnumcel1;atrteltra;atrtelbau;atrresu;atrnombre;atrapelli;atrlocali;atrdomici;atrempres;atrcuotas;atredad;atrminpag;atrmaxpag;atrcuoimpa;atresc
5205;3316097;439228;2,00002E+11;420;347;T;F;3989;0.00;0.00;0.00;3989;0;0;4294;;;;26132087;;099087980;;;;Seba carácter $raro;"error""@";Sauce;;x;36;;1.601,30;3.202,60;31;F
5205;3802005;636660;2,00002E+11;322;565;F;F;6245;0.00;0.00;0.00;6245;0;0;4445;;;;26132109;;099189826;;;;Leonardo ; Pendás con espacios;Rivera;;x;36;;4.956,72;9.913,44;31;F
5205;1758361;161591;2,00002E+11;384;536;F;T;6286;0.00;0.00;0.00;6286;0;0;4752;;;;27140301;;099859255;;;;Rosina;Cortella;Artigas;;x;36;;3.351,54;6.703,08;31;F
5205;3346238;825495;2,00002E+11;364;376;F;T;7634;0.00;0.00;0.00;7634;0;0;4784;;;;8001111;;098951823;;;;Matías ;Michelis;Salto;;x;36;;2.636,23;5.272,46;28;F
5205;4962649;284760;2,00002E+11;127;360;F;T;9394;0.00;0.00;0.00;9394;0;0;4808;;;;1950;;095656515;;;;JUAN;BARBAT;ROCHA;playa parada 1;x;36;;2.573,99;5.147,98;31;F
5205;1335442;904055;2,00002E+11;116;126;F;T;4061;0.00;0.00;0.00;4061;0;0;4901;;;;;;099002622;;;;Cecilia;Martinez;Montevideo;atlántico 1636 apto 123 - solar 3;x;36;;2.576,68;5.153,36;31;F
5205;3484308;526210;2,00002E+11;262;102;T;T;1775;0.00;0.00;0.00;1775;0;0;5023;;;;;;099612784;;;;Horacio Hilario;Hauret Rámponi;Cerro Largo;Curva de maroñas;x;36;;692,23;1.384,46;30;F
5205;2908291;240476;2,00002E+11;71;264;T;F;6507;0.00;0.00;0.00;6507;0;0;5103;;;;;;096153344;;;;Seba;Armeñariz;Paysandú;asdaklnlñ,12! Dsafs;x;36;;3.826,83;7.653,66;30;F
5205;4818880;187066;2,00002E+11;65;154;T;F;8256;0.00;0.00;0.00;8256;0;0;5117;;;;;;099891413;;;;Sebastián Daniel colorado común;apelllido muy muy mjy muy largo;;mansión Monte de Oca;x;36;;3.792,10;7.584,20;30;F
5205;1759174;572571;2,00002E+11;354;480;T;F;4797;0.00;0.00;0.00;4797;0;0;5285;;;;;;099268941;;;;Fernando;Arbelo's;Tala;Mañannitas;x;36;;4.686,01;9.372,02;30;F
5205;1868780;735601;2,00002E+11;599;13;T;F;7499;0.00;0.00;0.00;7499;0;0;5407;;;;;;091801748;;;;Colorador;Falopa;Pando;Catalinas calle 3, manzana 45 solar 32;x;36;;715,69;1.431,38;29;F
5205;1442267;749022;2,00002E+11;70;12;F;F;9320;0.00;0.00;0.00;9320;0;0;5627;;;;;;099268941;;;;Cliente;1;Montevideo;;x;34;;2.571,91;5.143,82;29;F
5205;4286439;757993;2,00002E+11;385;293;F;T;9536;0.00;0.00;0.00;9536;0;0;5880;;;;;;091801748;;;;Cliente;2;Salto;;x;36;;4.318,05;8.636,10;29;F
5205;3491467;132031;2,00002E+11;314;241;F;T;6144;0.00;0.00;0.00;6144;0;0;5921;;;;;;096153344;;;;Cliente;3;Ciudad de la Costa;;x;36;;2.580,90;5.161,80;28;F
5205;3491467;941398;2,00002E+11;460;23;F;T;5551;0.00;0.00;0.00;5551;0;0;5921;;;;;;099087980;;;;Cliente;4;Paysandú;;x;36;;2.580,90;5.161,80;29;F
5205;3915146;358558;2,00002E+11;238;316;F;T;8602;0.00;0.00;0.00;8602;0;0;6030;;;;;;099189826;;;;Cliente;5;Maldonado;;x;36;;3.503,48;7.006,96;29;F
5205;3100752;453173;2,00002E+11;412;435;T;T;7093;0.00;0.00;0.00;7093;0;0;6328;;;;;;099859255;;;;Cliente;6;Rivera;;x;36;;3.403,49;6.806,98;28;F
5205;1962125;201869;2,00002E+11;109;315;T;F;5170;0.00;0.00;0.00;5170;0;0;6653;;;;;;098951823;;;;Cliente;7;Las Piedras;;x;31;;9.327,77;18.655,54;26;F
5205;3788634;543482;2,00002E+11;146;484;T;F;2454;0.00;0.00;0.00;2454;0;0;6911;;;;;;099268941;;;;Cliente;8;Tacuarembó;;x;36;;1.627,81;3.255,62;27;F
5205;5084834;448456;2,00002E+11;23;295;T;F;8303;0.00;0.00;0.00;8303;0;0;7023;;;;;;091801748;;;;Cliente;9;Melo;;x;25;;3.710,69;7.421,38;25;F
5205;4083073;907511;2,00002E+11;65;246;T;F;9141;0.00;0.00;0.00;9141;0;0;7212;;;;;;096153344;;;;Cliente;10;Artigas;;x;34;;6.465,13;12.930,26;26;F
5205;4076674;258349;2,00002E+11;266;489;F;F;1001;0.00;0.00;0.00;1001;0;0;7574;;;;;;099087980;;;;Cliente;11;Mercedes;;x;35;;1.859,52;3.719,04;26;F
5205;3671489;223247;2,00002E+11;108;227;F;T;3702;0.00;0.00;0.00;3702;0;0;7596;;;;;;099189826;;;;Cliente;12;Minas;;x;26;;2.393,07;4.786,14;26;F
5205;1850251;956693;2,00002E+11;267;586;F;T;8695;0.00;0.00;0.00;8695;0;0;7735;;;;;;099859255;;;;Cliente;13;San José de Mayo;;x;34;;22.540,49;45.080,98;25;F
5205;1588588;820494;2,00002E+11;468;15;F;T;1796;0.00;0.00;0.00;1796;0;0;7843;;;;;;098951823;;;;Cliente;14;Durazno;;x;34;;3.012,17;6.024,34;25;F
5205;3580330;280564;2,00002E+11;220;13;F;T;8883;0.00;0.00;0.00;8883;0;0;7883;;;;;;099268941;;;;Cliente;15;Florida;;x;35;;3.205,81;6.411,62;25;F
5205;3375212;593720;2,00002E+11;522;433;T;T;1982;0.00;0.00;0.00;1982;0;0;8000;;;;;;091801748;;;;Cliente;16;Treinta y Tres;;x;30;;3.162,54;6.325,08;25;F
5205;4827290;617901;2,00002E+11;310;505;T;F;7387;0.00;0.00;0.00;7387;0;0;8071;;;;;;096153344;;;;Cliente;17;Barros Blancos;;x;35;;1.802,24;3.604,48;24;F
5205;2940361;454377;2,00002E+11;90;586;T;F;4628;0.00;0.00;0.00;4628;0;0;8099;;;;;;099087980;;;;Cliente;18;Ciudad del Plata;;x;36;;7.943,99;15.887,98;25;F
5205;5274440;925379;2,00002E+11;357;535;T;F;4336;0.00;0.00;0.00;4336;0;0;8243;;;;;;099189826;;;;Cliente;19;San Carlos;;x;31;;4.427,71;8.855,42;24;F
5205;5274440;296848;2,00002E+11;578;404;T;F;5214;0.00;0.00;0.00;5214;0;0;8243;;;;;;099859255;;;;Cliente;20;Colonia del Sacramento;;x;31;;4.427,71;8.855,42;25;F
5205;4951164;787476;2,00002E+11;477;356;F;F;7630;0.00;0.00;0.00;7630;0;0;8329;;;;;;098951823;;;;Cliente;21;Pando;;x;34;;3.944,58;7.889,16;25;F
5205;4951164;449062;2,00002E+11;563;187;F;T;1908;0.00;0.00;0.00;1908;0;0;8329;;;;;;099268941;;;;Cliente;22;Rocha;;x;34;;3.944,58;7.889,16;26;F
5205;3396160;307677;2,00002E+11;432;183;F;T;8653;0.00;0.00;0.00;8653;0;0;8361;;;;;;091801748;;;;Cliente;23;Fray Bentos;;x;25;;7.648,52;15.297,04;25;F
5205;3914582;742073;2,00002E+11;54;563;F;T;3714;0.00;0.00;0.00;3714;0;0;8448;;;;;;096153344;;;;Cliente;24;Trinidad;;x;25;;2.789,81;5.579,62;25;F
5205;1787444;940848;2,00002E+11;318;220;F;T;2653;0.00;0.00;0.00;2653;0;0;8450;;;;;;099087980;;;;Cliente;25;18 de Mayo;;x;24;;3.575,41;7.150,82;24;F
5205;2754604;614720;2,00002E+11;548;262;T;T;1120;0.00;0.00;0.00;1120;0;0;8467;;;;;;099189826;;;;Cliente;26;La Paz;;x;34;;4.475,35;8.950,70;24;F
5205;3273604;257693;2,00002E+11;125;474;T;F;8542;0.00;0.00;0.00;8542;0;0;8496;;;;;;099859255;;;;Cliente;27;Canelones;;x;24;;2.288,74;4.577,48;24;F
5205;3448264;416916;2,00002E+11;583;481;T;F;6449;0.00;0.00;0.00;6449;0;0;8499;;;;;;098951823;;;;Cliente;28;Dolores;;x;24;;14.532,65;29.065,30;23;F
5205;3448264;846886;2,00002E+11;417;96;T;F;8783;0.00;0.00;0.00;8783;0;0;8499;;;;;;099268941;;;;Cliente;29;Carmelo;;x;24;;14.532,65;29.065,30;24;F
5205;1922926;576023;2,00002E+11;501;146;T;F;7612;0.00;0.00;0.00;7612;0;0;8598;;;;;;091801748;;;;Cliente;30;Bella Unión;;x;24;;1.131,37;2.262,74;22;F
5205;3527455;322560;2,00002E+11;200;213;F;F;1688;0.00;0.00;0.00;1688;0;0;8621;;;;;;096153344;;;;Cliente;31;Young;;x;34;;1.435,28;2.870,56;24;F
5205;3913259;500059;2,00002E+11;397;334;F;T;3476;0.00;0.00;0.00;3476;0;0;8639;;;;;;099087980;;;;Cliente;32;Santa Lucía;;x;34;;4.423,44;8.846,88;25;F
5205;1819453;201843;2,00002E+11;500;295;F;T;5564;0.00;0.00;0.00;5564;0;0;8662;;;;;;099189826;;;;Cliente;33;Progreso;;x;34;;5.056,67;10.113,34;24;F
5205;4487521;139865;2,00002E+11;222;403;F;T;7165;0.00;0.00;0.00;7165;0;0;8709;;;;;;099859255;;;;Cliente;34;Paso Carrasco;;x;24;;2.404,85;4.809,70;23;F
5205;4487521;528035;2,00002E+11;83;6;F;T;3782;0.00;0.00;0.00;3782;0;0;8709;;;;;;098951823;;;;Cliente;35;Joaquín Suárez;;x;24;;2.404,85;4.809,70;24;T
5205;4838777;130714;2,00002E+11;371;545;T;T;6629;0.00;0.00;0.00;6629;0;0;8751;;;;;;099268941;;;;Cliente;36;Montevideo;;x;24;;4.528,20;9.056,40;24;F
5205;1488149;800470;2,00002E+11;119;265;T;F;9410;0.00;0.00;0.00;9410;0;0;8788;;;;;;091801748;;;;Cliente;37;Salto;;x;34;;2.909,23;5.818,46;24;F
5205;2607900;284211;2,00002E+11;497;169;T;F;8138;0.00;0.00;0.00;8138;0;0;8812;;;;;;096153344;;;;Cliente;38;Ciudad de la Costa;;x;30;;2.821,10;5.642,20;24;F
5205;3265832;697638;2,00002E+11;354;203;T;F;9589;0.00;0.00;0.00;9589;0;0;8862;;;;;;099087980;;;;Cliente;39;Paysandú;;x;24;;4.782,64;9.565,28;24;F
5205;5488956;204040;2,00002E+11;336;8;T;F;1508;0.00;0.00;0.00;1508;0;0;8914;;;;;;099189826;;;;Cliente;40;Maldonado;;x;30;;1.440,50;2.881,00;23;F
5205;5488956;263037;2,00002E+11;3;443;F;F;8337;0.00;0.00;0.00;8337;0;0;8914;;;;;;099859255;;;;Cliente;41;Rivera;;x;30;;1.440,50;2.881,00;24;F
5205;2972349;451814;2,00002E+11;576;42;F;T;5239;0.00;0.00;0.00;5239;0;0;9044;;;;;;098951823;;;;Cliente;42;Las Piedras;;x;30;;1.541,00;3.082,00;23;F
5205;4301384;129140;2,00002E+11;468;404;F;T;5606;0.00;0.00;0.00;5606;0;0;9052;;;;;;099268941;;;;Cliente;43;Tacuarembó;;x;30;;2.835,58;5.671,16;24;F
5205;3939818;563476;2,00002E+11;261;144;F;T;1441;0.00;0.00;0.00;1441;0;0;9054;;;;;;091801748;;;;Cliente;44;Melo;;x;24;;2.481,27;4.962,54;22;F
5205;3939818;141688;2,00002E+11;475;243;F;T;8778;0.00;0.00;0.00;8778;0;0;9054;;;;;;096153344;;;;Cliente;45;Artigas;;x;24;;2.481,27;4.962,54;23;F
5205;3939818;964964;2,00002E+11;285;486;T;T;1885;0.00;0.00;0.00;1885;0;0;9054;;;;;;099087980;;;;Cliente;46;Mercedes;;x;24;;2.481,27;4.962,54;24;F
5205;4111164;645386;2,00002E+11;74;420;T;F;4759;0.00;0.00;0.00;4759;0;0;9155;;;;;;099189826;;;;Cliente;47;Minas;;x;24;;4.379,92;8.759,84;22;F
5205;4237219;210754;2,00002E+11;23;447;T;F;2459;0.00;0.00;0.00;2459;0;0;9208;;;;;;099859255;;;;Cliente;48;San José de Mayo;;x;24;;2.955,50;5.911,00;23;F
5205;1301008;832168;2,00002E+11;112;520;T;F;7468;0.00;0.00;0.00;7468;0;0;9245;;;;;;098951823;;;;Cliente;49;Durazno;;x;34;;8.756,97;17.513,94;23;F
5205;4477793;176151;2,00002E+11;16;419;T;F;8999;0.00;0.00;0.00;8999;0;0;9252;;;;;;099268941;;;;Cliente;50;Florida;;x;24;;6.158,83;12.317,66;23;F
5205;2659040;349880;2,00002E+11;183;354;F;F;3789;0.00;0.00;0.00;3789;0;0;9259;;;;;;091801748;;;;Cliente;51;Treinta y Tres;;x;30;;7.744,86;15.489,72;23;F
5205;1918431;498620;2,00002E+11;105;581;F;T;8519;0.00;0.00;0.00;8519;0;0;9393;;;;;;096153344;;;;Cliente;52;Barros Blancos;;x;32;;3.005,72;6.011,44;23;F
5205;4787175;962950;2,00002E+11;114;361;F;T;5489;0.00;0.00;0.00;5489;0;0;9443;;;;;;099087980;;;;Cliente;53;Ciudad del Plata;;x;24;;3.324,14;6.648,28;23;F
5205;4787175;908084;2,00002E+11;499;599;F;T;7389;0.00;0.00;0.00;7389;0;0;9443;;;;;;099189826;;;;Cliente;54;San Carlos;;x;24;;3.324,14;6.648,28;24;F
5205;4788970;227273;2,00002E+11;298;444;F;T;7382;0.00;0.00;0.00;7382;0;0;9510;;;;;;099859255;;;;Cliente;55;Colonia del Sacramento;;x;24;;5.526,13;11.052,26;23;T
5205;1822835;622471;2,00002E+11;341;417;T;T;1910;0.00;0.00;0.00;1910;0;0;9553;;;;;;098951823;;;;Cliente;56;Pando;;x;30;;2.632,96;5.265,92;23;F
5205;3173364;623251;2,00002E+11;8;441;T;F;9510;0.00;0.00;0.00;9510;0;0;9578;;;;;;099268941;;;;Cliente;57;Rocha;;x;36;;3.396,46;6.792,92;23;F
5205;1369196;672047;2,00002E+11;446;224;T;F;3056;0.00;0.00;0.00;3056;0;0;09705;;;;;;091801748;;;;Cliente;58;Fray Bentos;;x;30;;3.290,76;6.581,52;23;F
5205;1312757;0983070;2,00002E+11;322;19;T;F;6495;0.00;0.00;0.00;6495;0;0;09710;;;;;;096153344;;;;Cliente;59;Trinidad;;x;24;;5.500,19;11.000,38;22;F
5205;1312757;710574;2,00002E+11;266;418;T;F;1569;0.00;0.00;0.00;1569;0;0;09710;;;;;;099087980;;;;Cliente;60;18 de Mayo;;x;24;;5.500,19;11.000,38;23;F
5205;3881173;696487;2,00002E+11;517;434;F;F;2831;0.00;0.00;0.00;2831;0;0;09836;;;;;;099189826;;;;Cliente;61;La Paz;;x;34;;6.725,20;13.450,40;18;F
5205;1972611;259038;2,00002E+11;254;481;F;T;1267;0.00;0.00;0.00;1267;0;0;09911;;;;;;099859255;;;;Cliente;62;Canelones;;x;24;;2.522,61;5.045,22;21;F
5205;2983569;334329;2,00002E+11;436;550;F;T;4450;0.00;0.00;0.00;4450;0;0;09919;;;;;;098951823;;;;Cliente;63;Dolores;;x;30;;6.020,06;12.040,12;22;F
5205;3846289;435503;2,00002E+11;52;530;F;T;3368;0.00;0.00;0.00;3368;0;0;09955;;;;;;099268941;;;;Cliente;64;Carmelo;;x;34;;3.740,21;7.480,42;22;F
5205;3210224;679131;2,00002E+11;31;234;F;T;7640;0.00;0.00;0.00;7640;0;0;09976;;;;;;091801748;;;;Cliente;65;Bella Unión;;x;30;;8.015,95;16.031,90;22;F
5205;3398974;119172;2,00002E+11;315;408;T;T;09781;0.00;0.00;0.00;09781;0;0;09995;;;;;;096153344;;;;Cliente;66;Young;;x;34;;1.564,06;3.128,12;22;F
5205;2559147;165609;2,00002E+11;189;53;T;F;3689;0.00;0.00;0.00;3689;0;0;09997;;;;;;099087980;;;;Cliente;67;Santa Lucía;;x;36;;4.069,04;8.138,08;22;F
5205;3314357;683103;2,00002E+11;365;359;T;F;3169;0.00;0.00;0.00;3169;0;0;10068;;;;;;099189826;;;;Cliente;68;Progreso;;x;25;;3.563,22;7.126,44;20;F
5205;3683382;578597;2,00002E+11;426;366;T;F;3495;0.00;0.00;0.00;3495;0;0;10200;;;;;;099859255;;;;Cliente;69;Paso Carrasco;;x;34;;7.698,86;15.397,72;19;F
5205;3597103;743236;2,00002E+11;86;273;T;F;7054;0.00;0.00;0.00;7054;0;0;10297;;;;;;098951823;;;;Cliente;70;Joaquín Suárez;;x;34;;2.443,10;4.886,20;22;F
5205;4851088;278269;2,00002E+11;161;420;F;F;3615;0.00;0.00;0.00;3615;0;0;10314;;;;;;099268941;;;;Cliente;71;Montevideo;;x;34;;3.933,47;7.866,94;22;F
5205;2929250;550704;2,00002E+11;517;464;F;T;8436;0.00;0.00;0.00;8436;0;0;10327;;;;;;091801748;;;;Cliente;72;Salto;;x;32;;5.318,16;10.636,32;21;F
5205;1662462;655520;2,00002E+11;425;362;F;T;9560;0.00;0.00;0.00;9560;0;0;10338;;;;;;096153344;;;;Cliente;73;Ciudad de la Costa;;x;32;;2.700,18;5.400,36;21;F
5205;1662462;706237;2,00002E+11;359;70;F;T;7143;0.00;0.00;0.00;7143;0;0;10338;;;;;;099087980;;;;Cliente;74;Paysandú;;x;32;;2.700,18;5.400,36;22;T
5205;1903981;0992285;2,00002E+11;510;151;F;T;7825;0.00;0.00;0.00;7825;0;0;10368;;;;;;099189826;;;;Cliente;75;Maldonado;;x;34;;6.824,14;13.648,28;21;F
5205;3399717;781101;2,00002E+11;28;395;T;T;2691;0.00;0.00;0.00;2691;0;0;10621;;;;;;099859255;;;;Cliente;76;Rivera;;x;30;;4.926,73;9.853,46;21;F
5205;4882473;943373;2,00002E+11;471;208;T;F;7685;0.00;0.00;0.00;7685;0;0;10625;;;;;;098951823;;;;Cliente;77;Las Piedras;;x;24;;6.979,73;13.959,46;21;F
5205;1295300;668794;2,00002E+11;319;506;T;F;4774;0.00;0.00;0.00;4774;0;0;10701;;;;;;099268941;;;;Cliente;78;Tacuarembó;;x;36;;4.246,81;8.493,62;20;F
5205;3244040;775738;2,00002E+11;411;493;T;F;1914;0.00;0.00;0.00;1914;0;0;10712;;;;;;091801748;;;;Cliente;79;Melo;;x;28;;5.634,32;11.268,64;18;F
5205;3244040;509297;2,00002E+11;591;318;T;F;8717;0.00;0.00;0.00;8717;0;0;10712;;;;;;096153344;;;;Cliente;80;Artigas;;x;28;;5.634,32;11.268,64;19;F
5205;4341518;315957;2,00002E+11;169;157;F;F;6859;0.00;0.00;0.00;6859;0;0;10718;;;;;;099087980;;;;Cliente;81;Mercedes;;x;30;;5.506,29;11.012,58;21;F
5205;3536312;569188;2,00002E+11;219;534;F;T;3479;0.00;0.00;0.00;3479;0;0;10746;;;;;;099189826;;;;Cliente;82;Minas;;x;34;;616,01;1.232,02;21;F
5205;3935623;580971;2,00002E+11;104;457;F;T;3673;0.00;0.00;0.00;3673;0;0;10777;;;;;;099859255;;;;Cliente;83;San José de Mayo;;x;24;;10.926,68;21.853,36;21;F
5205;4518793;892484;2,00002E+11;386;49;F;T;4268;0.00;0.00;0.00;4268;0;0;10822;;;;;;098951823;;;;Cliente;84;Durazno;;x;32;;6.442,42;12.884,84;21;F
5205;3107561;750665;2,00002E+11;402;187;F;F;2864;0.00;0.00;0.00;2864;0;0;10868;;;;;;099087980;;;;Cliente;85;Florida;;x;24;;4.555,55;9.111,10;21;F
5205;3768771;467705;2,00002E+11;328;348;T;F;6782;0.00;0.00;0.00;6782;0;0;10891;;;;;;099189826;;;;Cliente;86;Treinta y Tres;;x;20;;3.562,46;7.124,92;20;F
5205;2589011;833226;2,00002E+11;443;113;T;T;8532;0.00;0.00;0.00;8532;0;0;10945;;;;;;099859255;;;;Cliente;87;Barros Blancos;;x;24;;3.534,68;7.069,36;20;F
5205;2656494;694463;2,00002E+11;566;124;T;T;2985;0.00;0.00;0.00;2985;0;0;10974;;;;;;098951823;;;;Cliente;88;Ciudad del Plata;;x;32;;4.090,65;8.181,30;20;F
5205;4279006;698103;2,00002E+11;561;284;T;T;4300;0.00;0.00;0.00;4300;0;0;11017;;;;;;099268941;;;;Cliente;89;San Carlos;;x;24;;2.879,58;5.759,16;20;F
5205;4639464;486372;2,00002E+11;113;2;T;T;2924;0.00;0.00;0.00;2924;0;0;11116;;;;;;091801748;;;;Cliente;90;Colonia del Sacramento;;x;34;;1.963,07;3.926,14;20;F
5205;1704304;614857;2,00002E+11;353;444;F;T;3463;0.00;0.00;0.00;3463;0;0;11135;;;;;;096153344;;;;Cliente;91;Pando;;x;34;;2.252,71;4.505,42;20;F
5205;4125203;890323;2,00002E+11;403;226;F;F;4321;0.00;0.00;0.00;4321;0;0;11171;;;;;;099087980;;;;Cliente;92;Rocha;;x;34;;8.074,08;16.148,16;20;F
5205;3854701;468132;2,00002E+11;553;450;F;F;4444;0.00;0.00;0.00;4444;0;0;11177;;;;;;099189826;;;;Cliente;93;Fray Bentos;;x;25;;10.085,23;20.170,46;19;T
5205;3211346;947381;2,00002E+11;326;24;F;F;8047;0.00;0.00;0.00;8047;0;0;11199;;;;;;099859255;;;;Cliente;94;Trinidad;;x;32;;5.595,70;11.191,40;18;F
5205;3211346;219178;2,00002E+11;161;362;F;F;2938;0.00;0.00;0.00;2938;0;0;11199;;;;;;098951823;;;;Cliente;95;18 de Mayo;;x;32;;5.595,70;11.191,40;19;F
5205;3667721;421882;2,00002E+11;586;357;T;F;6526;0.00;0.00;0.00;6526;0;0;11230;;;;;;099268941;;;;Cliente;96;La Paz;;x;34;;1.672,88;3.345,76;20;F
5205;3074273;535158;2,00002E+11;12;230;T;T;4457;0.00;0.00;0.00;4457;0;0;11332;;;;;;091801748;;;;Cliente;097;Canelones;;x;30;;6.487,87;12.975,74;19;F
5205;2760485;175684;2,00002E+11;397;468;T;T;3572;0.00;0.00;0.00;3572;0;0;11348;;;;;;096153344;;;;Cliente;098;Dolores;;x;24;;2.048,03;4.096,06;18;F
5205;3306842;537841;2,00002E+11;75;340;T;T;1164;0.00;0.00;0.00;1164;0;0;11567;;;;;;099087980;;;;Cliente;099;Carmelo;;x;24;;2.114,78;4.229,56;17;F
5205;2885397;745147;2,00002E+11;49;81;T;T;9354;0.00;0.00;0.00;9354;0;0;11625;;;;;;099189826;;;;Cliente;100;Bella Unión;;x;30;;7.840,60;15.681,20;19;F
5205;2966865;746050;2,00002E+11;267;189;F;T;1711;0.00;0.00;0.00;1711;0;0;11664;;;;;;099859255;;;;Cliente;101;Young;;x;25;;1.863,32;3.726,64;19;F
5205;4211511;881908;2,00002E+11;166;549;F;F;8958;0.00;0.00;0.00;8958;0;0;11726;;;;;;098951823;;;;Cliente;102;Santa Lucía;;x;24;;12.643,42;25.286,84;19;F
5205;1273564;505494;2,00002E+11;430;351;F;F;8868;0.00;0.00;0.00;8868;0;0;11828;;;;;;099268941;;;;Cliente;103;Progreso;;x;30;;4.042,73;8.085,46;18;F
5205;5097906;251997;2,00002E+11;555;549;F;F;3332;0.00;0.00;0.00;3332;0;0;11844;;;;;;091801748;;;;Cliente;104;Paso Carrasco;;x;24;;2.728,42;5.456,84;19;F
5205;2622583;306332;2,00002E+11;303;319;F;F;8689;0.00;0.00;0.00;8689;0;0;11846;;;;;;096153344;;;;Cliente;105;Joaquín Suárez;;x;34;;3.490,65;6.981,30;18;F
5205;4474923;652198;2,00002E+11;520;70;T;F;7206;0.00;0.00;0.00;7206;0;0;11850;;;;;;099087980;;;;Cliente;106;Montevideo;;x;25;;2.214,92;4.429,84;17;F
5205;4474923;627266;2,00002E+11;304;528;T;T;2989;0.00;0.00;0.00;2989;0;0;11850;;;;;;099189826;;;;Cliente;107;Salto;;x;25;;2.214,92;4.429,84;18;T
5205;1655595;780451;2,00002E+11;595;589;T;T;3233;0.00;0.00;0.00;3233;0;0;11859;;;;;;099859255;;;;Cliente;108;Ciudad de la Costa;;x;34;;2.481,44;4.962,88;19;F
5205;4959985;324265;2,00002E+11;399;249;T;T;6956;0.00;0.00;0.00;6956;0;0;11887;;;;;;098951823;;;;Cliente;109;Paysandú;;x;24;;4.515,51;9.031,02;17;F
5205;1458654;182196;2,00002E+11;600;323;T;T;3443;0.00;0.00;0.00;3443;0;0;11899;;;;;;099268941;;;;Cliente;110;Maldonado;;x;36;;3.058,79;6.117,58;18;T
5205;1458654;480865;2,00002E+11;497;355;F;T;5148;0.00;0.00;0.00;5148;0;0;11899;;;;;;091801748;;;;Cliente;111;Rivera;;x;36;;3.058,79;6.117,58;19;F
5205;2615678;690390;2,00002E+11;589;439;F;F;5774;0.00;0.00;0.00;5774;0;0;11948;;;;;;096153344;;;;Cliente;112;Las Piedras;;x;34;;10.534,15;21.068,30;19;T
5205;3670609;661469;2,00002E+11;493;384;F;F;8189;0.00;0.00;0.00;8189;0;0;12014;;;;;;099087980;;;;Cliente;113;Tacuarembó;;x;30;;5.320,02;10.640,04;18;T
5205;1947105;282419;2,00002E+11;27;34;F;F;1832;0.00;0.00;0.00;1832;0;0;12022;;;;;;099189826;;;;Cliente;114;Melo;;x;32;;24.295,67;48.591,34;19;T
5205;3283990;371088;2,00002E+11;173;4;F;F;7184;0.00;0.00;0.00;7184;0;0;12102;;;;;;099859255;;;;Cliente;115;Artigas;;x;24;;6.795,02;13.590,04;18;F
5205;3499419;240156;2,00002E+11;328;445;T;F;4031;0.00;0.00;0.00;4031;0;0;12188;;;;;;098951823;;;;Cliente;116;Mercedes;;x;24;;3.702,98;7.405,96;19;F
5205;3383006;676677;2,00002E+11;270;397;T;T;1491;0.00;0.00;0.00;1491;0;0;12231;;;;;;099268941;;;;Cliente;117;Minas;;x;34;;3.873,07;7.746,14;19;F
5205;3536037;324047;2,00002E+11;584;197;T;T;09749;0.00;0.00;0.00;09749;0;0;12315;;;;;;091801748;;;;Cliente;118;San José de Mayo;;x;24;;5.380,38;10.760,76;18;F
5205;3779784;482097;2,00002E+11;274;17;T;T;9628;0.00;0.00;0.00;9628;0;0;12340;;;;;;096153344;;;;Cliente;119;Durazno;;x;34;;16.689,94;33.379,88;18;F
5205;3172885;873761;2,00002E+11;139;210;T;T;2688;0.00;0.00;0.00;2688;0;0;12356;;;;;;099087980;;;;Cliente;120;Florida;;x;34;;8.148,13;16.296,26;17;F
5205;3762327;268559;2,00002E+11;26;097;F;T;1954;0.00;0.00;0.00;1954;0;0;12360;;;;;;099189826;;;;Cliente;121;Treinta y Tres;;x;20;;8.204,63;16.409,26;18;F
5205;4828959;796400;2,00002E+11;253;517;F;F;2995;0.00;0.00;0.00;2995;0;0;12393;;;;;;099859255;;;;Cliente;122;Barros Blancos;;x;24;;3.821,29;7.642,58;18;F
5205;4828959;341560;2,00002E+11;593;546;F;F;4413;0.00;0.00;0.00;4413;0;0;12393;;;;;;098951823;;;;Cliente;123;Ciudad del Plata;;x;24;;3.821,29;7.642,58;19;F
5205;3991623;312211;2,00002E+11;550;64;F;F;3707;0.00;0.00;0.00;3707;0;0;12451;;;;;;099268941;;;;Cliente;124;San Carlos;;x;30;;3.470,75;6.941,50;18;F
5205;1184993;438086;2,00002E+11;583;448;F;F;2825;0.00;0.00;0.00;2825;0;0;12491;;;;;;091801748;;;;Cliente;125;Colonia del Sacramento;;x;18;;4.600,22;9.200,44;15;F
5205;1186413;803032;2,00002E+11;113;291;T;F;1722;0.00;0.00;0.00;1722;0;0;12512;;;;;;096153344;;;;Cliente;126;Pando;;x;24;;11.812,57;23.625,14;18;F
5205;3153343;146153;2,00002E+11;37;546;T;T;2157;0.00;0.00;0.00;2157;0;0;12528;;;;;;099087980;;;;Cliente;127;Rocha;;x;24;;5.547,13;11.094,26;19;F
5205;3789642;543274;2,00002E+11;328;87;T;T;2406;0.00;0.00;0.00;2406;0;0;12533;;;;;;099189826;;;;Cliente;128;Fray Bentos;;x;20;;2.195,29;4.390,58;18;F
5205;5178030;104696;2,00002E+11;382;19;T;T;1549;0.00;0.00;0.00;1549;0;0;12709;;;;;;099859255;;;;Cliente;129;Trinidad;;x;24;;3.268,45;6.536,90;18;F
5205;4428693;150681;2,00002E+11;273;432;T;T;2892;0.00;0.00;0.00;2892;0;0;12713;;;;;;098951823;;;;Cliente;130;18 de Mayo;;x;19;;6.099,21;12.198,42;18;F
5205;3106700;800945;2,00002E+11;581;327;F;T;8033;0.00;0.00;0.00;8033;0;0;12719;;;;;;099268941;;;;Cliente;131;La Paz;;x;24;;2.164,08;4.328,16;18;F
5205;4828394;825116;2,00002E+11;561;403;F;F;4316;0.00;0.00;0.00;4316;0;0;12725;;;;;;091801748;;;;Cliente;132;Canelones;;x;18;;2.146,40;4.292,80;17;F
5205;4828394;389756;2,00002E+11;367;525;F;F;1811;0.00;0.00;0.00;1811;0;0;12725;;;;;;096153344;;;;Cliente;133;Dolores;;x;18;;2.146,40;4.292,80;18;F
5205;4189006;763858;2,00002E+11;542;568;F;F;5251;0.00;0.00;0.00;5251;0;0;12759;;;;;;099087980;;;;Cliente;134;Carmelo;;x;20;;1.347,83;2.695,66;18;F
5205;4750428;598505;2,00002E+11;339;519;F;F;3045;0.00;0.00;0.00;3045;0;0;12772;;;;;;099189826;;;;Cliente;135;Bella Unión;;x;30;;5.601,63;11.203,26;18;F
5205;3746510;333621;2,00002E+11;142;512;T;F;6695;0.00;0.00;0.00;6695;0;0;12774;;;;;;099859255;;;;Cliente;136;Young;;x;24;;6.757,49;13.514,98;18;F
5205;5331462;235417;2,00002E+11;120;356;T;T;6362;0.00;0.00;0.00;6362;0;0;12906;;;;;;098951823;;;;Cliente;137;Santa Lucía;;x;24;;3.835,33;7.670,66;17;F
5205;3420623;867184;2,00002E+11;79;527;T;T;7103;0.00;0.00;0.00;7103;0;0;12924;;;;;;099268941;;;;Cliente;138;Progreso;;x;27;;2.297,73;4.595,46;17;F
5205;3531151;410232;2,00002E+11;159;143;T;T;2904;0.00;0.00;0.00;2904;0;0;13014;;;;;;091801748;;;;Cliente;139;Paso Carrasco;;x;18;;10.702,61;21.405,22;17;F
5205;4814833;861116;2,00002E+11;215;404;T;T;3971;0.00;0.00;0.00;3971;0;0;13110;;;;;;096153344;;;;Cliente;140;Joaquín Suárez;;x;24;;3.404,19;6.808,38;17;F
5205;2867501;781198;2,00002E+11;180;438;F;T;9002;0.00;0.00;0.00;9002;0;0;13176;;;;;;099087980;;;;Cliente;141;Montevideo;;x;30;;3.145,35;6.290,70;14;F
5205;2867501;381673;2,00002E+11;271;487;F;F;3325;0.00;0.00;0.00;3325;0;0;13176;;;;;;099189826;;;;Cliente;142;Salto;;x;30;;3.145,35;6.290,70;15;F
5205;3312012;726213;2,00002E+11;265;291;F;F;1531;0.00;0.00;0.00;1531;0;0;13232;;;;;;099859255;;;;Cliente;143;Ciudad de la Costa;;x;34;;10.479,45;20.958,90;17;F
5205;1957921;251656;2,00002E+11;308;570;F;F;2847;0.00;0.00;0.00;2847;0;0;13246;;;;;;098951823;;;;Cliente;144;Paysandú;;x;19;;2.971,29;5.942,58;17;F
5205;4193465;171470;2,00002E+11;550;344;F;F;6285;0.00;0.00;0.00;6285;0;0;13412;;;;;;099268941;;;;Cliente;145;Maldonado;;x;24;;8.324,17;16.648,34;17;F
5205;4461721;804646;2,00002E+11;87;238;T;F;6560;0.00;0.00;0.00;6560;0;0;13427;;;;;;091801748;;;;Cliente;146;Rivera;;x;30;;5.731,72;11.463,44;16;F
5205;2545189;800734;2,00002E+11;328;534;T;T;5428;0.00;0.00;0.00;5428;0;0;13496;;;;;;096153344;;;;Cliente;147;Las Piedras;;x;34;;7.818,00;15.636,00;16;F
5205;4369800;966551;2,00002E+11;116;380;T;T;4536;0.00;0.00;0.00;4536;0;0;13497;;;;;;099087980;;;;Cliente;148;Tacuarembó;;x;15;;12.118,45;24.236,90;15;F
5205;1838371;155221;2,00002E+11;325;37;T;T;3861;0.00;0.00;0.00;3861;0;0;13533;;;;;;099189826;;;;Cliente;149;Melo;;x;24;;1.617,61;3.235,22;16;F
5205;4293413;760498;2,00002E+11;545;42;T;T;6029;0.00;0.00;0.00;6029;0;0;13661;;;;;;099859255;;;;Cliente;150;Artigas;;x;14;;1.664,08;3.328,16;14;F
5205;1587761;362366;2,00002E+11;578;456;F;T;9361;0.00;0.00;0.00;9361;0;0;13683;;;;;;098951823;;;;Cliente;151;Mercedes;;x;30;;3.058,56;6.117,12;16;F
5205;2892743;128518;2,00002E+11;58;523;F;F;6826;0.00;0.00;0.00;6826;0;0;13843;;;;;;099268941;;;;Cliente;152;Minas;;x;25;;3.954,82;7.909,64;16;F
5205;4549932;418396;2,00002E+11;380;424;F;F;4974;0.00;0.00;0.00;4974;0;0;13891;;;;;;091801748;;;;Cliente;153;San José de Mayo;;x;24;;8.452,58;16.905,16;16;F
5205;2762867;0992396;2,00002E+11;183;536;F;F;4022;0.00;0.00;0.00;4022;0;0;13903;;;;;;096153344;;;;Cliente;154;Durazno;;x;19;;3.044,71;6.089,42;15;F
5205;4427758;356443;2,00002E+11;289;529;F;F;8414;0.00;0.00;0.00;8414;0;0;13905;;;;;;099087980;;;;Cliente;155;Florida;;x;24;;3.068,94;6.137,88;15;F
5205;2951482;304585;2,00002E+11;82;319;T;F;3505;0.00;0.00;0.00;3505;0;0;14032;;;;;;099189826;;;;Cliente;156;Treinta y Tres;;x;15;;1.244,40;2.488,80;15;F
5205;4955184;148160;2,00002E+11;152;123;T;T;6621;0.00;0.00;0.00;6621;0;0;14041;;;;;;099859255;;;;Cliente;157;Barros Blancos;;x;17;;8.931,00;17.862,00;15;F
5205;4811847;122612;2,00002E+11;129;322;T;T;6653;0.00;0.00;0.00;6653;0;0;14047;;;;;;098951823;;;;Cliente;158;Ciudad del Plata;;x;25;;2.217,17;4.434,34;13;F
5205;1369159;279024;2,00002E+11;104;584;T;T;1198;0.00;0.00;0.00;1198;0;0;14065;;;;;;099268941;;;;Cliente;159;San Carlos;;x;24;;3.526,07;7.052,14;15;F
5205;3570016;519227;2,00002E+11;536;30;T;T;3683;0.00;0.00;0.00;3683;0;0;14074;;;;;;091801748;;;;Cliente;160;Colonia del Sacramento;;x;24;;4.042,67;8.085,34;15;F
5205;4376790;559325;2,00002E+11;32;38;F;T;9119;0.00;0.00;0.00;9119;0;0;14154;;;;;;096153344;;;;Cliente;161;Pando;;x;25;;3.207,81;6.415,62;15;F
5205;1597320;223338;2,00002E+11;70;597;F;F;1626;0.00;0.00;0.00;1626;0;0;14186;;;;;;099087980;;;;Cliente;162;Rocha;;x;19;;9.417,30;18.834,60;16;F
5205;4560349;902049;2,00002E+11;67;114;F;F;5805;0.00;0.00;0.00;5805;0;0;14190;;;;;;099189826;;;;Cliente;163;Fray Bentos;;x;32;;10.393,59;20.787,18;15;F
5205;3219699;514079;2,00002E+11;28;444;F;F;8164;0.00;0.00;0.00;8164;0;0;14200;;;;;;099859255;;;;Cliente;164;Trinidad;;x;34;;8.267,21;16.534,42;14;F
5205;3209542;918644;2,00002E+11;139;342;F;F;5879;0.00;0.00;0.00;5879;0;0;14215;;;;;;098951823;;;;Cliente;165;18 de Mayo;;x;32;;2.193,47;4.386,94;15;F
5205;4269149;620300;2,00002E+11;216;64;T;F;5741;0.00;0.00;0.00;5741;0;0;14270;;;;;;099087980;;;;Cliente;166;La Paz;;x;24;;3.482,79;6.965,58;15;F
5205;824845;707713;2,00002E+11;328;173;T;T;6221;0.00;0.00;0.00;6221;0;0;14281;;;;;;099189826;;;;Cliente;167;Canelones;;x;20;;3.266,79;6.533,58;14;F
5205;1351000;702120;2,00002E+11;218;544;T;T;7398;0.00;0.00;0.00;7398;0;0;14301;;;;;;099859255;;;;Cliente;168;Dolores;;x;31;;11.013,34;22.026,68;14;F
5205;2738530;257489;2,00002E+11;099;55;T;T;7298;0.00;0.00;0.00;7298;0;0;14310;;;;;;098951823;;;;Cliente;169;Carmelo;;x;24;;5.269,45;10.538,90;15;F
5205;3206980;324803;2,00002E+11;351;294;T;T;1702;0.00;0.00;0.00;1702;0;0;14337;;;;;;099268941;;;;Cliente;170;Bella Unión;;x;24;;3.177,34;6.354,68;14;F
5205;2004184;197983;2,00002E+11;307;40;F;T;5020;0.00;0.00;0.00;5020;0;0;14446;;;;;;091801748;;;;Cliente;171;Young;;x;30;;5.523,29;11.046,58;14;F
5205;3330989;310203;2,00002E+11;517;452;F;F;8059;0.00;0.00;0.00;8059;0;0;14496;;;;;;096153344;;;;Cliente;172;Santa Lucía;;x;25;;3.206,45;6.412,90;14;F
5205;1754483;514362;2,00002E+11;403;104;F;F;3139;0.00;0.00;0.00;3139;0;0;14562;;;;;;099087980;;;;Cliente;173;Progreso;;x;24;;3.184,26;6.368,52;13;F
5205;1754483;864722;2,00002E+11;276;540;F;F;2475;0.00;0.00;0.00;2475;0;0;14562;;;;;;099189826;;;;Cliente;174;Paso Carrasco;;x;24;;3.184,26;6.368,52;14;F
5205;4973373;878488;2,00002E+11;151;301;F;F;1269;0.00;0.00;0.00;1269;0;0;14608;;;;;;099859255;;;;Cliente;175;Joaquín Suárez;;x;15;;4.940,06;9.880,12;13;F
5205;4568909;235736;2,00002E+11;197;305;T;F;9311;0.00;0.00;0.00;9311;0;0;14639;;;;;;098951823;;;;Cliente;176;Montevideo;;x;13;;1.578,72;3.157,44;12;F
5205;4568909;659399;2,00002E+11;76;155;T;T;5709;0.00;0.00;0.00;5709;0;0;14639;;;;;;099268941;;;;Cliente;177;Salto;;x;13;;1.578,72;3.157,44;13;F
5205;2877584;834324;2,00002E+11;208;1;T;T;8092;0.00;0.00;0.00;8092;0;0;14658;;;;;;091801748;;;;Cliente;178;Ciudad de la Costa;;x;24;;3.486,47;6.972,94;14;F
5205;3321421;932541;2,00002E+11;480;131;T;T;5895;0.00;0.00;0.00;5895;0;0;14675;;;;;;096153344;;;;Cliente;179;Paysandú;;x;14;;4.991,67;9.983,34;14;F
5205;2841124;362133;2,00002E+11;362;10;T;F;8155;0.00;0.00;0.00;8155;0;0;14857;;;;;;099087980;;;;Cliente;180;Maldonado;;x;16;;1.889,54;3.779,08;13;F
5205;4805250;404479;2,00002E+11;100;597;F;F;5678;0.00;0.00;0.00;5678;0;0;14870;;;;;;099189826;;;;Cliente;181;Rivera;;x;16;;2.952,42;5.904,84;13;F
5205;4805250;864281;2,00002E+11;378;34;F;T;2092;0.00;0.00;0.00;2092;0;0;14870;;;;;;099859255;;;;Cliente;182;Las Piedras;;x;16;;2.952,42;5.904,84;14;F
5205;4363172;305091;2,00002E+11;363;346;F;T;09822;0.00;0.00;0.00;09822;0;0;14882;;;;;;098951823;;;;Cliente;183;Tacuarembó;;x;24;;3.759,46;7.518,92;14;F
5205;4254194;515632;2,00002E+11;535;232;F;T;7845;0.00;0.00;0.00;7845;0;0;14883;;;;;;099268941;;;;Cliente;184;Melo;;x;23;;3.599,68;7.199,36;14;F
5205;3104917;302510;2,00002E+11;91;333;F;T;2935;0.00;0.00;0.00;2935;0;0;14966;;;;;;091801748;;;;Cliente;185;Artigas;;x;25;;9.018,19;18.036,38;14;F
5205;1794407;629564;2,00002E+11;519;208;T;T;5520;0.00;0.00;0.00;5520;0;0;14970;;;;;;096153344;;;;Cliente;186;Mercedes;;x;12;;3.467,49;6.934,98;11;F
5205;1794407;0992098;2,00002E+11;534;426;T;F;4172;0.00;0.00;0.00;4172;0;0;14970;;;;;;099087980;;;;Cliente;187;Minas;;x;12;;3.467,49;6.934,98;12;F
5205;3029966;190597;2,00002E+11;107;312;T;F;9601;0.00;0.00;0.00;9601;0;0;14985;;;;;;099189826;;;;Cliente;188;San José de Mayo;;x;24;;3.003,33;6.006,66;13;F
5205;4157885;276748;2,00002E+11;67;401;T;F;1709;0.00;0.00;0.00;1709;0;0;15003;;;;;;099859255;;;;Cliente;189;Durazno;;x;30;;2.254,63;4.509,26;13;F
5205;4012508;572607;2,00002E+11;335;531;T;F;8913;0.00;0.00;0.00;8913;0;0;15030;;;;;;098951823;;;;Cliente;190;Florida;;x;14;;5.964,95;11.929,90;12;F
5205;4012508;481325;2,00002E+11;168;270;F;F;2843;0.00;0.00;0.00;2843;0;0;15030;;;;;;099268941;;;;Cliente;191;Treinta y Tres;;x;14;;5.964,95;11.929,90;13;F
5205;4104434;0973154;2,00002E+11;358;5;F;T;1832;0.00;0.00;0.00;1832;0;0;15052;;;;;;091801748;;;;Cliente;192;Barros Blancos;;x;30;;8.319,04;16.638,08;13;F
5205;3652922;925762;2,00002E+11;303;96;F;T;8962;0.00;0.00;0.00;8962;0;0;15094;;;;;;096153344;;;;Cliente;193;Ciudad del Plata;;x;15;;1.497,12;2.994,24;13;F
5205;2752105;500293;2,00002E+11;474;580;F;T;5436;0.00;0.00;0.00;5436;0;0;15128;;;;;;099087980;;;;Cliente;194;San Carlos;;x;24;;4.468,13;8.936,26;13;F
5205;3872659;146423;2,00002E+11;332;456;F;T;09965;0.00;0.00;0.00;09965;0;0;15199;;;;;;099189826;;;;Cliente;195;Colonia del Sacramento;;x;14;;1.522,65;3.045,30;13;F
5205;4752798;912784;2,00002E+11;205;345;T;T;8468;0.00;0.00;0.00;8468;0;0;15213;;;;;;099859255;;;;Cliente;196;Pando;;x;24;;8.947,60;17.895,20;12;F
5205;4213478;681353;2,00002E+11;519;117;T;F;4165;0.00;0.00;0.00;4165;0;0;15235;;;;;;098951823;;;;Cliente;197;Rocha;;x;18;;8.420,14;16.840,28;13;F
5205;4202380;579722;2,00002E+11;203;9;T;F;5743;0.00;0.00;0.00;5743;0;0;15243;;;;;;099268941;;;;Cliente;198;Fray Bentos;;x;15;;2.200,81;4.401,62;13;F
5205;2695245;454574;2,00002E+11;354;135;T;F;6256;0.00;0.00;0.00;6256;0;0;15245;;;;;;091801748;;;;Cliente;199;Trinidad;;x;24;;2.236,08;4.472,16;13;F
5205;1330732;385073;2,00002E+11;454;528;T;F;5133;0.00;0.00;0.00;5133;0;0;15288;;;;;;096153344;;;;Cliente;200;18 de Mayo;;x;24;;5.875,13;11.750,26;12;F
5205;4400476;516689;2,00002E+11;477;123;F;F;6285;0.00;0.00;0.00;6285;0;0;15306;;;;;;099087980;;;;Cliente;201;La Paz;;x;12;;4.047,89;8.095,78;11;F
5205;3823922;639416;2,00002E+11;519;550;F;T;4093;0.00;0.00;0.00;4093;0;0;15307;;;;;;099189826;;;;Cliente;202;Canelones;;x;24;;10.682,79;21.365,58;13;F
5205;3823922;229330;2,00002E+11;545;596;F;T;2017;0.00;0.00;0.00;2017;0;0;15307;;;;;;099859255;;;;Cliente;203;Dolores;;x;24;;10.682,79;21.365,58;14;F
5205;4587371;271037;2,00002E+11;310;346;F;T;1301;0.00;0.00;0.00;1301;0;0;15313;;;;;;098951823;;;;Cliente;204;Carmelo;;x;20;;6.023,79;12.047,58;11;F
5205;2998297;464861;2,00002E+11;303;504;F;T;3487;0.00;0.00;0.00;3487;0;0;15334;;;;;;099268941;;;;Cliente;205;Bella Unión;;x;25;;12.403,72;24.807,44;13;F
5205;1861507;774882;2,00002E+11;492;528;T;T;9530;0.00;0.00;0.00;9530;0;0;15346;;;;;;091801748;;;;Cliente;206;Young;;x;24;;2.448,60;4.897,20;11;F
5205;1861507;363613;2,00002E+11;218;395;T;F;4286;0.00;0.00;0.00;4286;0;0;15346;;;;;;096153344;;;;Cliente;207;Santa Lucía;;x;24;;2.448,60;4.897,20;12;F
5205;4739471;183028;2,00002E+11;181;414;T;F;9315;0.00;0.00;0.00;9315;0;0;15353;;;;;;099087980;;;;Cliente;208;Progreso;;x;24;;5.398,76;10.797,52;12;F
5205;2820921;472026;2,00002E+11;505;48;T;F;1516;0.00;0.00;0.00;1516;0;0;15387;;;;;;099189826;;;;Cliente;209;Paso Carrasco;;x;24;;8.190,90;16.381,80;13;F
5205;3538773;369998;2,00002E+11;414;57;T;F;5555;0.00;0.00;0.00;5555;0;0;15391;;;;;;099859255;;;;Cliente;210;Joaquín Suárez;;x;24;;2.525,52;5.051,04;13;F
5205;2697105;715875;2,00002E+11;411;252;F;F;1438;0.00;0.00;0.00;1438;0;0;15441;;;;;;098951823;;;;Cliente;211;Montevideo;;x;24;;8.983,37;17.966,74;13;F
5205;1862948;647496;2,00002E+11;35;402;F;T;8035;0.00;0.00;0.00;8035;0;0;15474;;;;;;099268941;;;;Cliente;212;Salto;;x;18;;506,4;1.012,80;13;F
5205;3722569;810216;2,00002E+11;446;60;F;T;3013;0.00;0.00;0.00;3013;0;0;15495;;;;;;091801748;;;;Cliente;213;Ciudad de la Costa;;x;31;;6.038,82;12.077,64;13;F
5205;3208244;545014;2,00002E+11;207;334;F;T;1950;0.00;0.00;0.00;1950;0;0;15503;;;;;;096153344;;;;Cliente;214;Paysandú;;x;20;;2.991,74;5.983,48;12;F
5205;3145173;386449;2,00002E+11;15;269;F;T;1458;0.00;0.00;0.00;1458;0;0;15517;;;;;;099087980;;;;Cliente;215;Maldonado;;x;34;;7.943,09;15.886,18;12;F
5205;5096411;0985887;2,00002E+11;38;293;T;T;9048;0.00;0.00;0.00;9048;0;0;15519;;;;;;099189826;;;;Cliente;216;Rivera;;x;30;;3.987,99;7.975,98;13;F
5205;1836382;531146;2,00002E+11;266;435;T;F;3948;0.00;0.00;0.00;3948;0;0;15529;;;;;;099859255;;;;Cliente;217;Las Piedras;;x;24;;3.794,15;7.588,30;10;F
5205;4952355;121010;2,00002E+11;481;592;T;F;4299;0.00;0.00;0.00;4299;0;0;15534;;;;;;098951823;;;;Cliente;218;Tacuarembó;;x;30;;2.715,01;5.430,02;13;F
5205;4656402;420576;2,00002E+11;520;435;T;F;4004;0.00;0.00;0.00;4004;0;0;15539;;;;;;099268941;;;;Cliente;219;Melo;;x;23;;8.175,62;16.351,24;12;F
5205;1962458;886672;2,00002E+11;308;34;T;F;1792;0.00;0.00;0.00;1792;0;0;15546;;;;;;091801748;;;;Cliente;220;Artigas;;x;31;;5.827,67;11.655,34;13;F
5205;4738983;389158;2,00002E+11;327;344;F;F;09986;0.00;0.00;0.00;09986;0;0;15562;;;;;;096153344;;;;Cliente;221;Mercedes;;x;24;;5.446,88;10.893,76;11;F
5205;3481961;240075;2,00002E+11;476;311;F;T;4512;0.00;0.00;0.00;4512;0;0;15584;;;;;;099087980;;;;Cliente;222;Minas;;x;17;;2.186,22;4.372,44;12;F
5205;3481961;541693;2,00002E+11;269;191;F;T;9002;0.00;0.00;0.00;9002;0;0;15584;;;;;;099189826;;;;Cliente;223;San José de Mayo;;x;17;;2.186,22;4.372,44;13;F
5205;1774587;437558;2,00002E+11;69;467;F;T;09778;0.00;0.00;0.00;09778;0;0;15585;;;;;;099859255;;;;Cliente;224;Durazno;;x;24;;4.752,66;9.505,32;13;F
5205;3311017;784077;2,00002E+11;200;547;F;T;1227;0.00;0.00;0.00;1227;0;0;15586;;;;;;098951823;;;;Cliente;225;Florida;;x;24;;2.332,49;4.664,98;13;F
5205;5028175;812903;2,00002E+11;543;134;T;T;5236;0.00;0.00;0.00;5236;0;0;15611;;;;;;099268941;;;;Cliente;226;Treinta y Tres;;x;12;;4.950,16;9.900,32;11;F
5205;2821991;603277;2,00002E+11;250;12;T;F;5281;0.00;0.00;0.00;5281;0;0;15620;;;;;;091801748;;;;Cliente;227;Barros Blancos;;x;24;;4.752,66;9.505,32;13;F
5205;2645402;129082;2,00002E+11;128;160;T;F;6221;0.00;0.00;0.00;6221;0;0;15634;;;;;;096153344;;;;Cliente;228;Ciudad del Plata;;x;24;;4.778,02;9.556,04;13;F
5205;1189372;938551;2,00002E+11;37;113;T;F;5071;0.00;0.00;0.00;5071;0;0;15635;;;;;;099087980;;;;Cliente;229;San Carlos;;x;24;;8.042,95;16.085,90;12;F
5205;1189372;896702;2,00002E+11;256;26;T;F;9327;0.00;0.00;0.00;9327;0;0;15635;;;;;;099189826;;;;Cliente;230;Colonia del Sacramento;;x;24;;8.042,95;16.085,90;13;F
5205;2902868;628327;2,00002E+11;170;77;F;F;6019;0.00;0.00;0.00;6019;0;0;15636;;;;;;099859255;;;;Cliente;231;Pando;;x;24;;2.570,10;5.140,20;13;F
5205;4700201;142514;2,00002E+11;127;222;F;T;5155;0.00;0.00;0.00;5155;0;0;15642;;;;;;098951823;;;;Cliente;232;Rocha;;x;17;;1.984,67;3.969,34;10;F
5205;4700201;775305;2,00002E+11;433;1;F;T;2535;0.00;0.00;0.00;2535;0;0;15642;;;;;;099268941;;;;Cliente;233;Fray Bentos;;x;17;;1.984,67;3.969,34;11;F
5205;4700201;339597;2,00002E+11;261;200;F;T;7361;0.00;0.00;0.00;7361;0;0;15642;;;;;;091801748;;;;Cliente;234;Trinidad;;x;17;;1.984,67;3.969,34;12;F
5205;3511379;651768;2,00002E+11;457;298;F;T;7106;0.00;0.00;0.00;7106;0;0;15657;;;;;;096153344;;;;Cliente;235;18 de Mayo;;x;24;;5.157,00;10.314,00;12;F
5205;3077934;736560;2,00002E+11;582;258;T;T;2803;0.00;0.00;0.00;2803;0;0;15667;;;;;;099087980;;;;Cliente;236;La Paz;;x;24;;3.374,10;6.748,20;12;F
5205;1756900;546748;2,00002E+11;495;319;T;F;4345;0.00;0.00;0.00;4345;0;0;15669;;;;;;099189826;;;;Cliente;237;Canelones;;x;34;;8.974,25;17.948,50;12;F
5205;1756900;853132;2,00002E+11;107;378;T;F;7781;0.00;0.00;0.00;7781;0;0;15669;;;;;;099859255;;;;Cliente;238;Dolores;;x;34;;8.974,25;17.948,50;13;F
5205;3715894;618637;2,00002E+11;314;257;T;F;3880;0.00;0.00;0.00;3880;0;0;15674;;;;;;098951823;;;;Cliente;239;Carmelo;;x;21;;4.669,85;9.339,70;13;F
5205;1847785;377606;2,00002E+11;216;424;T;F;1759;0.00;0.00;0.00;1759;0;0;15677;;;;;;099268941;;;;Cliente;240;Bella Unión;;x;31;;2.916,79;5.833,58;12;F
5205;3077793;356194;2,00002E+11;186;221;F;F;5151;0.00;0.00;0.00;5151;0;0;15687;;;;;;091801748;;;;Cliente;241;Young;;x;24;;5.628,60;11.257,20;12;F
5205;2559325;757763;2,00002E+11;511;433;F;T;3457;0.00;0.00;0.00;3457;0;0;15705;;;;;;096153344;;;;Cliente;242;Santa Lucía;;x;25;;3.573,92;7.147,84;13;F
5205;3225714;659442;2,00002E+11;456;526;F;T;8178;0.00;0.00;0.00;8178;0;0;15712;;;;;;099087980;;;;Cliente;243;Progreso;;x;12;;11.196,93;22.393,86;11;F
5205;3894042;559095;2,00002E+11;544;126;F;T;1691;0.00;0.00;0.00;1691;0;0;15717;;;;;;099189826;;;;Cliente;244;Paso Carrasco;;x;21;;4.590,71;9.181,42;13;F
5205;4780661;208156;2,00002E+11;14;263;F;T;2878;0.00;0.00;0.00;2878;0;0;15723;;;;;;099859255;;;;Cliente;245;Joaquín Suárez;;x;24;;3.476,70;6.953,40;12;F
5205;3656121;799202;2,00002E+11;84;395;T;T;8879;0.00;0.00;0.00;8879;0;0;15728;;;;;;098951823;;;;Cliente;246;Montevideo;;x;24;;2.752,34;5.504,68;13;F
5205;4968885;762334;2,00002E+11;136;498;T;F;1591;0.00;0.00;0.00;1591;0;0;15748;;;;;;099087980;;;;Cliente;247;Salto;;x;19;;5.064,58;10.129,16;13;F
5205;4522515;144835;2,00002E+11;253;188;T;F;1625;0.00;0.00;0.00;1625;0;0;15758;;;;;;099189826;;;;Cliente;248;Ciudad de la Costa;;x;30;;2.412,52;4.825,04;12;F
5205;3471618;793672;2,00002E+11;465;380;T;F;09907;0.00;0.00;0.00;09907;0;0;15765;;;;;;099859255;;;;Cliente;249;Paysandú;;x;26;;10.432,06;20.864,12;11;F
5205;2923277;157823;2,00002E+11;366;336;T;F;1401;0.00;0.00;0.00;1401;0;0;15767;;;;;;098951823;;;;Cliente;250;Maldonado;;x;25;;3.430,96;6.861,92;13;F
5205;3202189;393425;2,00002E+11;53;521;F;F;3792;0.00;0.00;0.00;3792;0;0;15786;;;;;;099268941;;;;Cliente;251;Rivera;;x;24;;5.604,83;11.209,66;10;F
5205;4217875;497911;2,00002E+11;102;564;F;T;1735;0.00;0.00;0.00;1735;0;0;15810;;;;;;091801748;;;;Cliente;252;Las Piedras;;x;32;;4.758,54;9.517,08;11;F
5205;3293302;820627;2,00002E+11;108;80;F;T;8127;0.00;0.00;0.00;8127;0;0;15818;;;;;;096153344;;;;Cliente;253;Tacuarembó;;x;18;;4.638,37;9.276,74;12;F
5205;3293302;321256;2,00002E+11;221;83;F;T;5003;0.00;0.00;0.00;5003;0;0;15818;;;;;;099087980;;;;Cliente;254;Melo;;x;18;;4.638,37;9.276,74;13;F
5205;3171975;589846;2,00002E+11;582;517;F;T;5158;0.00;0.00;0.00;5158;0;0;15819;;;;;;099189826;;;;Cliente;255;Artigas;;x;30;;16.272,75;32.545,50;7;F
5205;4811385;771577;2,00002E+11;367;133;T;T;4448;0.00;0.00;0.00;4448;0;0;15835;;;;;;099859255;;;;Cliente;256;Mercedes;;x;12;;1.740,60;3.481,20;10;F
5205;4811385;120761;2,00002E+11;283;221;T;F;2100;0.00;0.00;0.00;2100;0;0;15835;;;;;;098951823;;;;Cliente;257;Minas;;x;12;;1.740,60;3.481,20;11;F
5205;2871931;134403;2,00002E+11;289;579;T;F;1526;0.00;0.00;0.00;1526;0;0;15836;;;;;;099268941;;;;Cliente;258;San José de Mayo;;x;12;;2.647,64;5.295,28;12;F
5205;1984042;413386;2,00002E+11;140;83;T;F;6362;0.00;0.00;0.00;6362;0;0;15839;;;;;;091801748;;;;Cliente;259;Durazno;;x;34;;5.746,47;11.492,94;10;F
5205;2767365;0971435;2,00002E+11;297;35;T;F;8984;0.00;0.00;0.00;8984;0;0;15846;;;;;;096153344;;;;Cliente;260;Florida;;x;25;;10.006,97;20.013,94;13;F
5205;4466506;962757;2,00002E+11;177;496;F;F;8892;0.00;0.00;0.00;8892;0;0;15854;;;;;;099087980;;;;Cliente;261;Treinta y Tres;;x;23;;1.181,47;2.362,94;12;F
5205;4570470;815139;2,00002E+11;473;424;F;T;6123;0.00;0.00;0.00;6123;0;0;15856;;;;;;099189826;;;;Cliente;262;Barros Blancos;;x;24;;6.446,93;12.893,86;12;F
5205;4570470;601091;2,00002E+11;284;230;F;T;3795;0.00;0.00;0.00;3795;0;0;15856;;;;;;099859255;;;;Cliente;263;Ciudad del Plata;;x;24;;6.446,93;12.893,86;13;F
5205;1530934;270712;2,00002E+11;369;529;F;T;8383;0.00;0.00;0.00;8383;0;0;15877;;;;;;098951823;;;;Cliente;264;San Carlos;;x;33;;4.990,61;9.981,22;12;F
5205;1530934;731724;2,00002E+11;21;85;F;T;4845;0.00;0.00;0.00;4845;0;0;15877;;;;;;099268941;;;;Cliente;265;Colonia del Sacramento;;x;33;;4.990,61;9.981,22;13;F
5205;5127452;813022;2,00002E+11;91;21;T;T;1130;0.00;0.00;0.00;1130;0;0;15893;;;;;;091801748;;;;Cliente;266;Pando;;x;25;;4.074,27;8.148,54;13;F
5205;1395779;347462;2,00002E+11;449;505;T;F;2049;0.00;0.00;0.00;2049;0;0;15901;;;;;;096153344;;;;Cliente;267;Rocha;;x;25;;12.807,50;25.615,00;12;F
5205;4105927;348762;2,00002E+11;4;158;T;F;2397;0.00;0.00;0.00;2397;0;0;15903;;;;;;099087980;;;;Cliente;268;Fray Bentos;;x;24;;10.033,85;20.067,70;13;F
5205;4847904;258529;2,00002E+11;200;591;T;F;3632;0.00;0.00;0.00;3632;0;0;15914;;;;;;099189826;;;;Cliente;269;Trinidad;;x;25;;5.216,94;10.433,88;12;F
5205;3823603;0984304;2,00002E+11;360;512;T;F;1819;0.00;0.00;0.00;1819;0;0;15938;;;;;;099859255;;;;Cliente;270;18 de Mayo;;x;13;;11.157,19;22.314,38;11;F
5205;3604315;886919;2,00002E+11;155;566;F;F;6263;0.00;0.00;0.00;6263;0;0;15949;;;;;;098951823;;;;Cliente;271;La Paz;;x;31;;2.544,91;5.089,82;12;F
5205;4346867;222762;2,00002E+11;450;42;F;T;6867;0.00;0.00;0.00;6867;0;0;16057;;;;;;099268941;;;;Cliente;272;Canelones;;x;19;;4.220,48;8.440,96;12;F
5205;1639267;816636;2,00002E+11;573;66;F;T;7489;0.00;0.00;0.00;7489;0;0;16063;;;;;;091801748;;;;Cliente;273;Dolores;;x;17;;10.098,07;20.196,14;12;F
5205;4328883;605109;2,00002E+11;540;309;F;T;4393;0.00;0.00;0.00;4393;0;0;16123;;;;;;096153344;;;;Cliente;274;Carmelo;;x;25;;1.735,00;3.470,00;12;F
5205;4029076;323771;2,00002E+11;583;575;F;F;8263;0.00;0.00;0.00;8263;0;0;16127;;;;;;099087980;;;;Cliente;275;Bella Unión;;x;20;;3.219,05;6.438,10;12;F
5205;3476243;663509;2,00002E+11;225;204;T;F;8300;0.00;0.00;0.00;8300;0;0;16128;;;;;;099189826;;;;Cliente;276;Young;;x;24;;1.572,72;3.145,44;12;F
5205;2758752;821188;2,00002E+11;248;256;T;T;7782;0.00;0.00;0.00;7782;0;0;16185;;;;;;099859255;;;;Cliente;277;Santa Lucía;;x;30;;4.192,57;8.385,14;9;F
5205;3638871;233275;2,00002E+11;67;291;T;T;1030;0.00;0.00;0.00;1030;0;0;16196;;;;;;098951823;;;;Cliente;278;Progreso;;x;24;;5.304,29;10.608,58;12;F
5205;3815886;951220;2,00002E+11;475;469;T;T;5344;0.00;0.00;0.00;5344;0;0;16207;;;;;;099268941;;;;Cliente;279;Paso Carrasco;;x;24;;2.208,13;4.416,26;11;F
5205;3453800;770852;2,00002E+11;198;18;T;T;2669;0.00;0.00;0.00;2669;0;0;16235;;;;;;091801748;;;;Cliente;280;Joaquín Suárez;;x;24;;2.451,64;4.903,28;10;F
5205;1872424;907636;2,00002E+11;15;274;F;T;3434;0.00;0.00;0.00;3434;0;0;16252;;;;;;096153344;;;;Cliente;281;Montevideo;;x;18;;2.626,25;5.252,50;12;F
5205;4561911;793592;2,00002E+11;209;391;F;F;4085;0.00;0.00;0.00;4085;0;0;16300;;;;;;099087980;;;;Cliente;282;Salto;;x;12;;1.917,42;3.834,84;12;F
5205;2982686;320098;2,00002E+11;20;532;F;F;7609;0.00;0.00;0.00;7609;0;0;16303;;;;;;099189826;;;;Cliente;283;Ciudad de la Costa;;x;30;;6.483,26;12.966,52;7;F
5205;4478384;379103;2,00002E+11;110;206;F;F;5534;0.00;0.00;0.00;5534;0;0;16316;;;;;;099859255;;;;Cliente;284;Paysandú;;x;10;;2.090,65;4.181,30;10;F
5205;4880010;656688;2,00002E+11;480;459;F;F;4814;0.00;0.00;0.00;4814;0;0;16343;;;;;;098951823;;;;Cliente;285;Maldonado;;x;15;;3.522,05;7.044,10;12;F
5205;4237808;470494;2,00002E+11;405;95;T;F;1015;0.00;0.00;0.00;1015;0;0;16359;;;;;;099268941;;;;Cliente;286;Rivera;;x;24;;5.460,60;10.921,20;10;F
5205;4237808;0986038;2,00002E+11;506;457;T;T;6169;0.00;0.00;0.00;6169;0;0;16359;;;;;;091801748;;;;Cliente;287;Las Piedras;;x;24;;5.460,60;10.921,20;11;F
5205;4394298;926161;2,00002E+11;213;432;T;T;6123;0.00;0.00;0.00;6123;0;0;16377;;;;;;096153344;;;;Cliente;288;Tacuarembó;;x;24;;1.800,29;3.600,58;12;F
5205;1427918;409186;2,00002E+11;475;219;T;T;6899;0.00;0.00;0.00;6899;0;0;16400;;;;;;099087980;;;;Cliente;289;Melo;;x;24;;5.767,96;11.535,92;11;F
5205;3425808;823984;2,00002E+11;563;273;T;T;5458;0.00;0.00;0.00;5458;0;0;16421;;;;;;099189826;;;;Cliente;290;Artigas;;x;20;;2.770,42;5.540,84;12;F
5205;3425808;884423;2,00002E+11;361;180;F;T;7654;0.00;0.00;0.00;7654;0;0;16421;;;;;;099859255;;;;Cliente;291;Mercedes;;x;20;;2.770,42;5.540,84;13;F
5205;3413211;893516;2,00002E+11;403;569;F;F;09842;0.00;0.00;0.00;09842;0;0;16448;;;;;;098951823;;;;Cliente;292;Minas;;x;25;;2.700,45;5.400,90;10;F
5205;3413211;592445;2,00002E+11;284;113;F;F;4208;0.00;0.00;0.00;4208;0;0;16448;;;;;;099268941;;;;Cliente;293;San José de Mayo;;x;25;;2.700,45;5.400,90;11;F
5205;3413211;221178;2,00002E+11;380;494;F;F;3163;0.00;0.00;0.00;3163;0;0;16448;;;;;;091801748;;;;Cliente;294;Durazno;;x;25;;2.700,45;5.400,90;12;F
5205;4411993;530789;2,00002E+11;201;097;F;F;8763;0.00;0.00;0.00;8763;0;0;16453;;;;;;096153344;;;;Cliente;295;Florida;;x;13;;3.905,02;7.810,04;12;F
5205;2569110;496166;2,00002E+11;392;327;T;F;4263;0.00;0.00;0.00;4263;0;0;16459;;;;;;099087980;;;;Cliente;296;Treinta y Tres;;x;18;;2.188,55;4.377,10;12;F
5205;3394884;252735;2,00002E+11;82;407;T;T;2135;0.00;0.00;0.00;2135;0;0;16467;;;;;;099189826;;;;Cliente;297;Barros Blancos;;x;32;;10.214,16;20.428,32;11;F
5205;4009260;280017;2,00002E+11;554;185;T;T;8612;0.00;0.00;0.00;8612;0;0;16469;;;;;;099859255;;;;Cliente;298;Ciudad del Plata;;x;12;;1.647,75;3.295,50;11;F
5205;4825828;490451;2,00002E+11;598;287;T;T;5052;0.00;0.00;0.00;5052;0;0;16470;;;;;;098951823;;;;Cliente;299;San Carlos;;x;31;;2.235,64;4.471,28;11;F
5205;3559809;427757;2,00002E+11;1;448;T;T;7202;0.00;0.00;0.00;7202;0;0;16471;;;;;;099268941;;;;Cliente;300;Colonia del Sacramento;;x;24;;12.507,78;25.015,56;11;F
5205;3559809;642243;2,00002E+11;57;27;F;T;4534;0.00;0.00;0.00;4534;0;0;16471;;;;;;091801748;;;;Cliente;301;Pando;;x;24;;12.507,78;25.015,56;12;F
5205;4654787;820800;2,00002E+11;498;249;F;F;1969;0.00;0.00;0.00;1969;0;0;16494;;;;;;096153344;;;;Cliente;302;Rocha;;x;15;;2.111,14;4.222,28;11;F
5205;4654787;923340;2,00002E+11;288;122;F;F;8715;0.00;0.00;0.00;8715;0;0;16494;;;;;;099087980;;;;Cliente;303;Fray Bentos;;x;15;;2.111,14;4.222,28;12;F
5205;3666812;933385;2,00002E+11;267;330;F;F;7758;0.00;0.00;0.00;7758;0;0;16508;;;;;;099189826;;;;Cliente;304;Trinidad;;x;31;;4.913,48;9.826,96;10;F
5205;1902741;289561;2,00002E+11;94;104;F;F;8272;0.00;0.00;0.00;8272;0;0;16511;;;;;;099859255;;;;Cliente;305;18 de Mayo;;x;30;;7.403,30;14.806,60;11;F
5205;3985674;195376;2,00002E+11;555;183;T;F;6924;0.00;0.00;0.00;6924;0;0;16516;;;;;;098951823;;;;Cliente;306;La Paz;;x;30;;3.313,09;6.626,18;11;F
5205;2948750;463137;2,00002E+11;577;517;T;T;09723;0.00;0.00;0.00;09723;0;0;16520;;;;;;099268941;;;;Cliente;307;Canelones;;x;24;;1.835,10;3.670,20;12;F
5205;1827871;960919;2,00002E+11;500;289;T;T;2185;0.00;0.00;0.00;2185;0;0;16532;;;;;;091801748;;;;Cliente;308;Dolores;;x;24;;8.060,67;16.121,34;12;F
5205;1978078;127448;2,00002E+11;252;197;T;T;4960;0.00;0.00;0.00;4960;0;0;16536;;;;;;096153344;;;;Cliente;309;Carmelo;;x;30;;10.255,38;20.510,76;11;F
5205;4307721;541975;2,00002E+11;596;428;T;T;7042;0.00;0.00;0.00;7042;0;0;16538;;;;;;099087980;;;;Cliente;310;Bella Unión;;x;24;;4.470,87;8.941,74;11;F
5205;4307721;726589;2,00002E+11;25;548;F;T;7669;0.00;0.00;0.00;7669;0;0;16538;;;;;;099189826;;;;Cliente;311;Young;;x;24;;4.470,87;8.941,74;12;F
5205;4681946;615867;2,00002E+11;433;243;F;F;6973;0.00;0.00;0.00;6973;0;0;16547;;;;;;099859255;;;;Cliente;312;Santa Lucía;;x;25;;6.487,88;12.975,76;12;F
5205;5354499;749503;2,00002E+11;126;339;F;F;7463;0.00;0.00;0.00;7463;0;0;16549;;;;;;098951823;;;;Cliente;313;Progreso;;x;20;;4.547,61;9.095,22;12;F
5205;4632332;816967;2,00002E+11;372;401;F;F;4586;0.00;0.00;0.00;4586;0;0;16553;;;;;;099268941;;;;Cliente;314;Paso Carrasco;;x;18;;1.650,97;3.301,94;11;F
5205;4377092;828892;2,00002E+11;388;401;F;F;4460;0.00;0.00;0.00;4460;0;0;16560;;;;;;091801748;;;;Cliente;315;Joaquín Suárez;;x;24;;2.389,01;4.778,02;11;F
5205;4019236;966279;2,00002E+11;547;475;T;F;4062;0.00;0.00;0.00;4062;0;0;16564;;;;;;096153344;;;;Cliente;316;Montevideo;;x;25;;9.483,68;18.967,36;11;F
5205;1908549;339155;2,00002E+11;337;210;T;T;8705;0.00;0.00;0.00;8705;0;0;16573;;;;;;099087980;;;;Cliente;317;Salto;;x;13;;3.786,75;7.573,50;12;F
5205;3130583;832337;2,00002E+11;372;402;T;T;3629;0.00;0.00;0.00;3629;0;0;16598;;;;;;099189826;;;;Cliente;318;Ciudad de la Costa;;x;24;;716,7;1.433,40;11;F
5205;3130583;629817;2,00002E+11;304;186;T;T;2893;0.00;0.00;0.00;2893;0;0;16598;;;;;;099859255;;;;Cliente;319;Paysandú;;x;24;;716,7;1.433,40;12;F
5205;2614993;579371;2,00002E+11;77;322;T;T;8465;0.00;0.00;0.00;8465;0;0;16599;;;;;;098951823;;;;Cliente;320;Maldonado;;x;18;;1.006,19;2.012,38;11;F
5205;2614993;0987942;2,00002E+11;591;481;F;T;2751;0.00;0.00;0.00;2751;0;0;16599;;;;;;099268941;;;;Cliente;321;Rivera;;x;18;;1.006,19;2.012,38;12;F
5205;3932229;600453;2,00002E+11;177;417;F;F;3710;0.00;0.00;0.00;3710;0;0;16603;;;;;;091801748;;;;Cliente;322;Las Piedras;;x;24;;4.566,02;9.132,04;11;F
5205;2905163;582239;2,00002E+11;38;234;F;F;5033;0.00;0.00;0.00;5033;0;0;16697;;;;;;096153344;;;;Cliente;323;Tacuarembó;;x;15;;1.816,89;3.633,78;11;F
5205;3861861;560573;2,00002E+11;35;11;F;F;9153;0.00;0.00;0.00;9153;0;0;16710;;;;;;099087980;;;;Cliente;324;Melo;;x;25;;2.072,87;4.145,74;11;F
5205;4658355;475522;2,00002E+11;559;487;F;F;4794;0.00;0.00;0.00;4794;0;0;16715;;;;;;099189826;;;;Cliente;325;Artigas;;x;24;;2.739,44;5.478,88;11;F
5205;2833297;238841;2,00002E+11;449;79;T;F;7461;0.00;0.00;0.00;7461;0;0;16753;;;;;;099859255;;;;Cliente;326;Mercedes;;x;31;;11.884,91;23.769,82;10;F
5205;1426762;677294;2,00002E+11;69;468;T;T;7024;0.00;0.00;0.00;7024;0;0;16767;;;;;;098951823;;;;Cliente;327;Minas;;x;16;;12.578,73;25.157,46;9;F
5205;4260726;200441;2,00002E+11;479;28;T;T;7123;0.00;0.00;0.00;7123;0;0;16771;;;;;;099087980;;;;Cliente;328;San José de Mayo;;x;30;;1.920,61;3.841,22;8;F
5205;4325071;268724;2,00002E+11;411;275;T;T;4837;0.00;0.00;0.00;4837;0;0;16777;;;;;;099189826;;;;Cliente;329;Durazno;;x;24;;5.410,09;10.820,18;11;F
5205;4550200;537482;2,00002E+11;286;117;T;T;6449;0.00;0.00;0.00;6449;0;0;16780;;;;;;099859255;;;;Cliente;330;Florida;;x;25;;5.861,23;11.722,46;10;F
5205;2707932;0991811;2,00002E+11;91;143;F;T;5893;0.00;0.00;0.00;5893;0;0;16810;;;;;;098951823;;;;Cliente;331;Treinta y Tres;;x;12;;3.998,04;7.996,08;8;F
5205;4194258;798860;2,00002E+11;212;291;F;F;2725;0.00;0.00;0.00;2725;0;0;16811;;;;;;099268941;;;;Cliente;332;Barros Blancos;;x;31;;5.139,42;10.278,84;9;F
5205;5022688;398469;2,00002E+11;330;554;F;F;7857;0.00;0.00;0.00;7857;0;0;16844;;;;;;091801748;;;;Cliente;333;Ciudad del Plata;;x;12;;1.063,00;2.126,00;11;F
5205;4011649;439050;2,00002E+11;140;142;F;F;1647;0.00;0.00;0.00;1647;0;0;16855;;;;;;096153344;;;;Cliente;334;San Carlos;;x;24;;5.849,42;11.698,84;11;F
5205;2657215;568725;2,00002E+11;37;166;F;F;4524;0.00;0.00;0.00;4524;0;0;16901;;;;;;099087980;;;;Cliente;335;Colonia del Sacramento;;x;13;;5.400,41;10.800,82;11;F
5205;3514177;118951;2,00002E+11;583;86;T;F;5961;0.00;0.00;0.00;5961;0;0;16909;;;;;;099189826;;;;Cliente;336;Pando;;x;30;;2.189,40;4.378,80;10;F
5205;4126676;365343;2,00002E+11;156;269;T;T;8051;0.00;0.00;0.00;8051;0;0;16923;;;;;;099859255;;;;Cliente;337;Rocha;;x;15;;1.321,61;2.643,22;11;F
5205;3279837;333781;2,00002E+11;273;404;T;T;8531;0.00;0.00;0.00;8531;0;0;16927;;;;;;098951823;;;;Cliente;338;Fray Bentos;;x;31;;4.038,85;8.077,70;10;F
5205;2598552;126490;2,00002E+11;584;235;T;T;4693;0.00;0.00;0.00;4693;0;0;16971;;;;;;099268941;;;;Cliente;339;Trinidad;;x;13;;3.072,92;6.145,84;11;F
5205;3114577;806087;2,00002E+11;267;14;T;T;2477;0.00;0.00;0.00;2477;0;0;16995;;;;;;091801748;;;;Cliente;340;18 de Mayo;;x;24;;2.389,01;4.778,02;11;F
5205;4184671;910820;2,00002E+11;421;332;F;T;2525;0.00;0.00;0.00;2525;0;0;16997;;;;;;096153344;;;;Cliente;341;La Paz;;x;32;;11.975,87;23.951,74;8;F
5205;1220831;710845;2,00002E+11;59;155;F;F;5733;0.00;0.00;0.00;5733;0;0;17006;;;;;;099087980;;;;Cliente;342;Canelones;;x;18;;0972,85;1.945,70;11;F
5205;1547961;225961;2,00002E+11;290;541;F;F;8264;0.00;0.00;0.00;8264;0;0;17038;;;;;;099189826;;;;Cliente;343;Dolores;;x;20;;1.511,57;3.023,14;11;F
5205;4881016;699416;2,00002E+11;389;523;F;F;6812;0.00;0.00;0.00;6812;0;0;17039;;;;;;099859255;;;;Cliente;344;Carmelo;;x;24;;1.706,43;3.412,86;11;F
5205;2727720;497899;2,00002E+11;473;522;F;F;7295;0.00;0.00;0.00;7295;0;0;17054;;;;;;098951823;;;;Cliente;345;Bella Unión;;x;30;;1.914,72;3.829,44;10;F
5205;2873115;913803;2,00002E+11;543;222;T;F;6404;0.00;0.00;0.00;6404;0;0;17075;;;;;;099268941;;;;Cliente;346;Young;;x;24;;6.440,09;12.880,18;11;F
5205;3710618;591912;2,00002E+11;179;159;T;T;9538;0.00;0.00;0.00;9538;0;0;17115;;;;;;091801748;;;;Cliente;347;Santa Lucía;;x;34;;2.509,05;5.018,10;10;F
5205;3710618;658611;2,00002E+11;127;268;T;T;8119;0.00;0.00;0.00;8119;0;0;17115;;;;;;096153344;;;;Cliente;348;Progreso;;x;34;;2.509,05;5.018,10;11;F
5205;2804802;660459;2,00002E+11;160;374;T;T;1251;0.00;0.00;0.00;1251;0;0;17118;;;;;;099087980;;;;Cliente;349;Paso Carrasco;;x;21;;8.447,57;16.895,14;10;F
5205;2761380;518516;2,00002E+11;143;48;T;T;1195;0.00;0.00;0.00;1195;0;0;17143;;;;;;099189826;;;;Cliente;350;Joaquín Suárez;;x;34;;3.485,63;6.971,26;10;F
5205;2697290;845572;2,00002E+11;89;145;F;T;5705;0.00;0.00;0.00;5705;0;0;17155;;;;;;099859255;;;;Cliente;351;Montevideo;;x;27;;7.411,87;14.823,74;10;F
5205;4813101;215233;2,00002E+11;506;346;F;F;4636;0.00;0.00;0.00;4636;0;0;17174;;;;;;098951823;;;;Cliente;352;Salto;;x;15;;1.311,62;2.623,24;11;F
5205;4025907;123624;2,00002E+11;12;472;F;F;3475;0.00;0.00;0.00;3475;0;0;17187;;;;;;099268941;;;;Cliente;353;Ciudad de la Costa;;x;24;;5.892,19;11.784,38;10;F
5205;4112215;898700;2,00002E+11;229;298;F;F;6079;0.00;0.00;0.00;6079;0;0;17201;;;;;;091801748;;;;Cliente;354;Paysandú;;x;31;;13.744,67;27.489,34;9;F
5205;1447450;787020;2,00002E+11;430;302;F;F;7446;0.00;0.00;0.00;7446;0;0;17204;;;;;;096153344;;;;Cliente;355;Maldonado;;x;24;;547,42;1.094,84;6;F
5205;2732338;236287;2,00002E+11;268;356;T;F;3272;0.00;0.00;0.00;3272;0;0;17211;;;;;;099087980;;;;Cliente;356;Rivera;;x;24;;3.453,83;6.907,66;10;F
5205;3861356;285283;2,00002E+11;150;566;T;T;2926;0.00;0.00;0.00;2926;0;0;17214;;;;;;099189826;;;;Cliente;357;Las Piedras;;x;30;;19.878,50;39.757,00;10;F
5205;3861356;438831;2,00002E+11;314;175;T;T;5338;0.00;0.00;0.00;5338;0;0;17214;;;;;;099859255;;;;Cliente;358;Tacuarembó;;x;30;;19.878,50;39.757,00;11;F
5205;4297204;0990769;2,00002E+11;306;353;T;T;4081;0.00;0.00;0.00;4081;0;0;17216;;;;;;098951823;;;;Cliente;359;Melo;;x;20;;1.511,57;3.023,14;10;F
5205;4921786;767063;2,00002E+11;26;363;T;T;9607;0.00;0.00;0.00;9607;0;0;17218;;;;;;099268941;;;;Cliente;360;Artigas;;x;24;;4.428,82;8.857,64;7;F
5205;1540513;369257;2,00002E+11;292;300;F;T;5242;0.00;0.00;0.00;5242;0;0;17221;;;;;;091801748;;;;Cliente;361;Mercedes;;x;10;;3.287,85;6.575,70;9;F
5205;3900515;668846;2,00002E+11;301;585;F;F;2578;0.00;0.00;0.00;2578;0;0;17235;;;;;;096153344;;;;Cliente;362;Minas;;x;30;;6.650,72;13.301,44;10;F
5205;4306033;617723;2,00002E+11;61;417;F;F;6275;0.00;0.00;0.00;6275;0;0;17250;;;;;;099087980;;;;Cliente;363;San José de Mayo;;x;24;;22.402,11;44.804,22;8;F
5205;4035178;585494;2,00002E+11;174;156;F;F;6156;0.00;0.00;0.00;6156;0;0;17252;;;;;;099189826;;;;Cliente;364;Durazno;;x;21;;3.971,52;7.943,04;11;F
5205;1584600;748918;2,00002E+11;210;308;F;F;6674;0.00;0.00;0.00;6674;0;0;17273;;;;;;099859255;;;;Cliente;365;Florida;;x;34;;4.943,20;9.886,40;10;F
5205;4581387;327880;2,00002E+11;473;68;T;F;2203;0.00;0.00;0.00;2203;0;0;17291;;;;;;098951823;;;;Cliente;366;Treinta y Tres;;x;30;;6.312,06;12.624,12;9;F
5205;4581387;268415;2,00002E+11;594;244;T;T;9425;0.00;0.00;0.00;9425;0;0;17291;;;;;;099268941;;;;Cliente;367;Barros Blancos;;x;30;;6.312,06;12.624,12;10;F
5205;3836957;563734;2,00002E+11;600;592;T;T;6399;0.00;0.00;0.00;6399;0;0;17296;;;;;;091801748;;;;Cliente;368;Ciudad del Plata;;x;24;;1.343,58;2.687,16;9;F
5205;3836957;901542;2,00002E+11;394;209;T;T;5181;0.00;0.00;0.00;5181;0;0;17296;;;;;;096153344;;;;Cliente;369;San Carlos;;x;24;;1.343,58;2.687,16;10;F
5205;2725416;688180;2,00002E+11;445;298;T;F;1324;0.00;0.00;0.00;1324;0;0;17313;;;;;;099087980;;;;Cliente;370;Colonia del Sacramento;;x;12;;1.799,84;3.599,68;9;F
5205;1494231;529205;2,00002E+11;506;350;F;F;8083;0.00;0.00;0.00;8083;0;0;17314;;;;;;099189826;;;;Cliente;371;Pando;;x;24;;3.053,57;6.107,14;10;F
5205;1494231;195132;2,00002E+11;505;193;F;T;9499;0.00;0.00;0.00;9499;0;0;17314;;;;;;099859255;;;;Cliente;372;Rocha;;x;24;;3.053,57;6.107,14;11;F
5205;2578677;277408;2,00002E+11;173;403;F;T;3916;0.00;0.00;0.00;3916;0;0;17316;;;;;;098951823;;;;Cliente;373;Fray Bentos;;x;18;;3.520,22;7.040,44;5;F
5205;4164212;0972701;2,00002E+11;268;477;F;T;1999;0.00;0.00;0.00;1999;0;0;17326;;;;;;099268941;;;;Cliente;374;Trinidad;;x;12;;1.999,51;3.999,02;10;F
5205;2829244;840903;2,00002E+11;149;58;F;T;7311;0.00;0.00;0.00;7311;0;0;17327;;;;;;091801748;;;;Cliente;375;18 de Mayo;;x;11;;1.570,73;3.141,46;10;F
5205;1840601;525233;2,00002E+11;245;356;T;T;7526;0.00;0.00;0.00;7526;0;0;17345;;;;;;096153344;;;;Cliente;376;La Paz;;x;12;;6.391,42;12.782,84;10;F
5205;2732512;215120;2,00002E+11;253;097;T;F;3890;0.00;0.00;0.00;3890;0;0;17347;;;;;;099087980;;;;Cliente;377;Canelones;;x;19;;3.057,07;6.114,14;8;F
5205;3655235;541865;2,00002E+11;265;301;T;F;2461;0.00;0.00;0.00;2461;0;0;17348;;;;;;099189826;;;;Cliente;378;Dolores;;x;24;;2.414,65;4.829,30;10;F
5205;2786296;495463;2,00002E+11;386;207;T;F;4143;0.00;0.00;0.00;4143;0;0;17394;;;;;;099859255;;;;Cliente;379;Carmelo;;x;30;;6.866,14;13.732,28;8;F
5205;1110351;196914;2,00002E+11;410;149;T;F;1943;0.00;0.00;0.00;1943;0;0;17398;;;;;;098951823;;;;Cliente;380;Bella Unión;;x;13;;10.000,19;20.000,38;10;F
5205;1080667;242786;2,00002E+11;526;100;F;F;8875;0.00;0.00;0.00;8875;0;0;17404;;;;;;099268941;;;;Cliente;381;Young;;x;17;;1.107,45;2.214,90;10;F
5205;2599447;279634;2,00002E+11;364;389;F;T;3592;0.00;0.00;0.00;3592;0;0;17419;;;;;;091801748;;;;Cliente;382;Santa Lucía;;x;19;;1.434,96;2.869,92;10;F
5205;5284787;477529;2,00002E+11;569;427;F;T;9092;0.00;0.00;0.00;9092;0;0;17421;;;;;;096153344;;;;Cliente;383;Progreso;;x;15;;2.631,50;5.263,00;10;F
5205;4952160;667877;2,00002E+11;275;193;F;T;6094;0.00;0.00;0.00;6094;0;0;17423;;;;;;099087980;;;;Cliente;384;Paso Carrasco;;x;30;;5.427,83;10.855,66;10;F
5205;5161128;917870;2,00002E+11;482;19;F;T;3972;0.00;0.00;0.00;3972;0;0;17427;;;;;;099189826;;;;Cliente;385;Joaquín Suárez;;x;25;;2.190,10;4.380,20;10;F
5205;3219154;968051;2,00002E+11;330;488;T;T;7935;0.00;0.00;0.00;7935;0;0;17435;;;;;;099859255;;;;Cliente;386;Montevideo;;x;24;;3.139,85;6.279,70;10;F
5205;4683331;303048;2,00002E+11;104;111;T;F;5384;0.00;0.00;0.00;5384;0;0;17460;;;;;;098951823;;;;Cliente;387;Salto;;x;20;;3.995,85;7.991,70;10;F
5205;4683331;692213;2,00002E+11;346;565;T;F;8401;0.00;0.00;0.00;8401;0;0;17460;;;;;;099268941;;;;Cliente;388;Ciudad de la Costa;;x;20;;3.995,85;7.991,70;11;F
5205;3222962;181785;2,00002E+11;533;171;T;F;6297;0.00;0.00;0.00;6297;0;0;17470;;;;;;091801748;;;;Cliente;389;Paysandú;;x;10;;1.309,51;2.619,02;10;F
5205;2968396;966045;2,00002E+11;41;136;T;F;3566;0.00;0.00;0.00;3566;0;0;17476;;;;;;096153344;;;;Cliente;390;Maldonado;;x;20;;2.292,25;4.584,50;9;F
5205;2968396;447728;2,00002E+11;432;558;F;F;6154;0.00;0.00;0.00;6154;0;0;17476;;;;;;099087980;;;;Cliente;391;Rivera;;x;20;;2.292,25;4.584,50;10;F
5205;3606647;695910;2,00002E+11;586;313;F;T;1108;0.00;0.00;0.00;1108;0;0;17479;;;;;;099189826;;;;Cliente;392;Las Piedras;;x;25;;4.931,22;9.862,44;10;F
5205;4029306;279774;2,00002E+11;60;315;F;T;1855;0.00;0.00;0.00;1855;0;0;17485;;;;;;099859255;;;;Cliente;393;Tacuarembó;;x;10;;5.749,70;11.499,40;6;F
5205;4596557;539229;2,00002E+11;531;518;F;T;8867;0.00;0.00;0.00;8867;0;0;17486;;;;;;098951823;;;;Cliente;394;Melo;;x;13;;2.789,30;5.578,60;10;F
5205;4855660;620890;2,00002E+11;371;78;F;T;8953;0.00;0.00;0.00;8953;0;0;17488;;;;;;099268941;;;;Cliente;395;Artigas;;x;30;;3.067,68;6.135,36;10;F
5205;3021465;138666;2,00002E+11;395;19;T;T;6397;0.00;0.00;0.00;6397;0;0;17513;;;;;;091801748;;;;Cliente;396;Mercedes;;x;24;;9.059,82;18.119,64;10;F
5205;1837389;734900;2,00002E+11;304;326;T;F;9222;0.00;0.00;0.00;9222;0;0;17516;;;;;;096153344;;;;Cliente;397;Minas;;x;12;;1.635,67;3.271,34;10;F
5205;2936554;465775;2,00002E+11;163;29;T;F;6728;0.00;0.00;0.00;6728;0;0;17525;;;;;;099087980;;;;Cliente;398;San José de Mayo;;x;30;;15.627,70;31.255,40;6;F
5205;4858394;206511;2,00002E+11;345;220;T;F;9404;0.00;0.00;0.00;9404;0;0;17535;;;;;;099189826;;;;Cliente;399;Durazno;;x;16;;5.202,24;10.404,48;10;F
5205;4610555;534960;2,00002E+11;518;569;T;F;8418;0.00;0.00;0.00;8418;0;0;17540;;;;;;099859255;;;;Cliente;400;Florida;;x;30;;4.957,19;9.914,38;10;F
5205;4341453;0989765;2,00002E+11;560;292;F;F;8312;0.00;0.00;0.00;8312;0;0;17568;;;;;;098951823;;;;Cliente;401;Treinta y Tres;;x;10;;2.815,36;5.630,72;7;F
5205;5419387;229420;2,00002E+11;477;226;F;T;9625;0.00;0.00;0.00;9625;0;0;17573;;;;;;099268941;;;;Cliente;402;Barros Blancos;;x;24;;2.020,90;4.041,80;10;F
5205;5419387;771961;2,00002E+11;491;483;F;T;2235;0.00;0.00;0.00;2235;0;0;17573;;;;;;091801748;;;;Cliente;403;Ciudad del Plata;;x;24;;2.020,90;4.041,80;11;F
5205;5419387;905969;2,00002E+11;118;551;F;T;4253;0.00;0.00;0.00;4253;0;0;17573;;;;;;096153344;;;;Cliente;404;San Carlos;;x;24;;2.020,90;4.041,80;12;F
5205;3286093;515184;2,00002E+11;528;466;F;T;2659;0.00;0.00;0.00;2659;0;0;17582;;;;;;099087980;;;;Cliente;405;Colonia del Sacramento;;x;22;;2.403,13;4.806,26;10;F
5205;3807981;764604;2,00002E+11;532;599;T;T;6637;0.00;0.00;0.00;6637;0;0;17595;;;;;;099189826;;;;Cliente;406;Pando;;x;12;;3.788,13;7.576,26;10;F
5205;3549375;302876;2,00002E+11;391;535;T;F;2565;0.00;0.00;0.00;2565;0;0;17611;;;;;;099859255;;;;Cliente;407;Rocha;;x;34;;2.856,79;5.713,58;10;F
5205;1663230;613660;2,00002E+11;445;122;T;F;6566;0.00;0.00;0.00;6566;0;0;17625;;;;;;098951823;;;;Cliente;408;Fray Bentos;;x;14;;1.298,78;2.597,56;10;F
5205;4708321;789631;2,00002E+11;347;222;T;F;6718;0.00;0.00;0.00;6718;0;0;17635;;;;;;099087980;;;;Cliente;409;Trinidad;;x;24;;1.495,26;2.990,52;10;F
5205;4518587;867185;2,00002E+11;30;593;T;F;9475;0.00;0.00;0.00;9475;0;0;17640;;;;;;099189826;;;;Cliente;410;18 de Mayo;;x;15;;2.575,27;5.150,54;10;F
5205;3280777;920826;2,00002E+11;270;549;F;F;4668;0.00;0.00;0.00;4668;0;0;17653;;;;;;099859255;;;;Cliente;411;La Paz;;x;18;;1.249,92;2.499,84;10;F
5205;4226513;499819;2,00002E+11;265;189;F;T;4033;0.00;0.00;0.00;4033;0;0;17654;;;;;;098951823;;;;Cliente;412;Canelones;;x;22;;734,15;1.468,30;10;F
5205;4228166;885673;2,00002E+11;229;209;F;T;1800;0.00;0.00;0.00;1800;0;0;17657;;;;;;099268941;;;;Cliente;413;Dolores;;x;22;;1.565,82;3.131,64;9;F
5205;1393111;758410;2,00002E+11;256;274;F;T;3159;0.00;0.00;0.00;3159;0;0;17671;;;;;;091801748;;;;Cliente;414;Carmelo;;x;24;;2.632,24;5.264,48;10;F
5205;2763855;755865;2,00002E+11;560;505;F;T;6489;0.00;0.00;0.00;6489;0;0;17685;;;;;;096153344;;;;Cliente;415;Bella Unión;;x;30;;7.962,71;15.925,42;10;F
5205;3681950;958093;2,00002E+11;534;420;T;T;8736;0.00;0.00;0.00;8736;0;0;17698;;;;;;099087980;;;;Cliente;416;Young;;x;25;;6.113,69;12.227,38;10;F
5205;4825838;819458;2,00002E+11;266;306;T;F;7336;0.00;0.00;0.00;7336;0;0;17710;;;;;;099189826;;;;Cliente;417;Santa Lucía;;x;24;;2.701,75;5.403,50;9;F
5205;1261137;337522;2,00002E+11;139;344;T;F;6111;0.00;0.00;0.00;6111;0;0;17711;;;;;;099859255;;;;Cliente;418;Progreso;;x;24;;3.071,59;6.143,18;10;F
5205;2870971;295770;2,00002E+11;178;591;T;F;5019;0.00;0.00;0.00;5019;0;0;17717;;;;;;098951823;;;;Cliente;419;Paso Carrasco;;x;25;;13.938,29;27.876,58;5;F
5205;2870971;518633;2,00002E+11;419;449;T;F;09952;0.00;0.00;0.00;09952;0;0;17717;;;;;;099268941;;;;Cliente;420;Joaquín Suárez;;x;25;;13.938,29;27.876,58;6;F
5205;2516532;578312;2,00002E+11;139;66;F;F;1950;0.00;0.00;0.00;1950;0;0;17759;;;;;;091801748;;;;Cliente;421;Montevideo;;x;20;;6.693,79;13.387,58;10;F
5205;2988682;521167;2,00002E+11;493;50;F;T;7682;0.00;0.00;0.00;7682;0;0;17774;;;;;;096153344;;;;Cliente;422;Salto;;x;24;;2.457,27;4.914,54;10;F
5205;3214826;210766;2,00002E+11;209;366;F;T;3250;0.00;0.00;0.00;3250;0;0;17776;;;;;;099087980;;;;Cliente;423;Ciudad de la Costa;;x;31;;6.234,76;12.469,52;10;F
5205;3214826;844417;2,00002E+11;538;252;F;T;1279;0.00;0.00;0.00;1279;0;0;17776;;;;;;099189826;;;;Cliente;424;Paysandú;;x;31;;6.234,76;12.469,52;11;F
5205;4417527;532673;2,00002E+11;336;541;F;T;6321;0.00;0.00;0.00;6321;0;0;17783;;;;;;099859255;;;;Cliente;425;Maldonado;;x;19;;3.579,56;7.159,12;10;F
5205;3763784;888436;2,00002E+11;378;237;T;T;7831;0.00;0.00;0.00;7831;0;0;17788;;;;;;098951823;;;;Cliente;426;Rivera;;x;12;;2.020,75;4.041,50;7;F
5205;3555973;782592;2,00002E+11;243;104;T;F;8490;0.00;0.00;0.00;8490;0;0;17829;;;;;;099268941;;;;Cliente;427;Las Piedras;;x;12;;1.491,86;2.983,72;10;F
5205;4430967;690132;2,00002E+11;346;11;T;F;1893;0.00;0.00;0.00;1893;0;0;17851;;;;;;091801748;;;;Cliente;428;Tacuarembó;;x;16;;2.359,60;4.719,20;9;F
5205;4430967;149547;2,00002E+11;314;4;T;F;7346;0.00;0.00;0.00;7346;0;0;17851;;;;;;096153344;;;;Cliente;429;Melo;;x;16;;2.359,60;4.719,20;10;F
5205;4809708;237066;2,00002E+11;126;392;T;F;8365;0.00;0.00;0.00;8365;0;0;17871;;;;;;099087980;;;;Cliente;430;Artigas;;x;25;;5.527,93;11.055,86;10;F
5205;2002256;890687;2,00002E+11;22;50;F;F;2455;0.00;0.00;0.00;2455;0;0;17872;;;;;;099189826;;;;Cliente;431;Mercedes;;x;15;;1.030,52;2.061,04;12;F
5205;3686373;348976;2,00002E+11;238;489;F;T;5631;0.00;0.00;0.00;5631;0;0;17907;;;;;;099859255;;;;Cliente;432;Minas;;x;12;;645,31;1.290,62;9;F
5205;1904139;824556;2,00002E+11;570;251;F;T;8869;0.00;0.00;0.00;8869;0;0;17911;;;;;;098951823;;;;Cliente;433;San José de Mayo;;x;15;;2.289,57;4.579,14;7;F
5205;1904139;618269;2,00002E+11;43;162;F;T;4330;0.00;0.00;0.00;4330;0;0;17911;;;;;;099268941;;;;Cliente;434;Durazno;;x;15;;2.289,57;4.579,14;8;F
5205;4514461;253308;2,00002E+11;349;489;F;T;8456;0.00;0.00;0.00;8456;0;0;17913;;;;;;091801748;;;;Cliente;435;Florida;;x;18;;1.289,58;2.579,16;10;F
5205;1641341;776095;2,00002E+11;470;2;T;T;7482;0.00;0.00;0.00;7482;0;0;17914;;;;;;096153344;;;;Cliente;436;Treinta y Tres;;x;25;;1.896,40;3.792,80;10;F
5205;4974653;788305;2,00002E+11;226;398;T;F;7097;0.00;0.00;0.00;7097;0;0;17932;;;;;;099087980;;;;Cliente;437;Barros Blancos;;x;14;;2.033,31;4.066,62;9;F
5205;4174377;791049;2,00002E+11;569;313;T;F;7384;0.00;0.00;0.00;7384;0;0;17934;;;;;;099189826;;;;Cliente;438;Ciudad del Plata;;x;25;;3.997,22;7.994,44;9;F
5205;4174377;717345;2,00002E+11;473;558;T;F;6312;0.00;0.00;0.00;6312;0;0;17934;;;;;;099859255;;;;Cliente;439;San Carlos;;x;25;;3.997,22;7.994,44;10;F
5205;4007013;787417;2,00002E+11;29;101;T;F;8641;0.00;0.00;0.00;8641;0;0;17939;;;;;;098951823;;;;Cliente;440;Colonia del Sacramento;;x;10;;4.460,05;8.920,10;9;F
5205;3306048;506821;2,00002E+11;526;398;F;F;3814;0.00;0.00;0.00;3814;0;0;17968;;;;;;099268941;;;;Cliente;441;Pando;;x;30;;2.281,93;4.563,86;10;F
5205;3787186;542489;2,00002E+11;313;348;F;T;9438;0.00;0.00;0.00;9438;0;0;17982;;;;;;091801748;;;;Cliente;442;Rocha;;x;20;;2.569,68;5.139,36;9;F
5205;2885586;314812;2,00002E+11;59;389;F;T;7765;0.00;0.00;0.00;7765;0;0;17999;;;;;;096153344;;;;Cliente;443;Fray Bentos;;x;30;;10.227,82;20.455,64;9;F
5205;4706575;734440;2,00002E+11;116;146;F;T;5315;0.00;0.00;0.00;5315;0;0;18001;;;;;;099087980;;;;Cliente;444;Trinidad;;x;30;;5.920,13;11.840,26;9;F
5205;4706575;373447;2,00002E+11;273;53;F;T;3926;0.00;0.00;0.00;3926;0;0;18001;;;;;;099189826;;;;Cliente;445;18 de Mayo;;x;30;;5.920,13;11.840,26;10;F
5205;922127;380941;2,00002E+11;432;109;T;T;4089;0.00;0.00;0.00;4089;0;0;18002;;;;;;099859255;;;;Cliente;446;La Paz;;x;12;;1.662,51;3.325,02;9;F
5205;3552877;805637;2,00002E+11;457;175;T;F;4773;0.00;0.00;0.00;4773;0;0;18005;;;;;;098951823;;;;Cliente;447;Canelones;;x;12;;2.077,53;4.155,06;9;F
5205;2612316;875100;2,00002E+11;82;27;T;F;8974;0.00;0.00;0.00;8974;0;0;18006;;;;;;099268941;;;;Cliente;448;Dolores;;x;12;;2.977,91;5.955,82;10;F
5205;3895843;463394;2,00002E+11;345;583;T;F;4115;0.00;0.00;0.00;4115;0;0;18011;;;;;;091801748;;;;Cliente;449;Carmelo;;x;24;;6.338,93;12.677,86;9;F
5205;4051537;132337;2,00002E+11;139;153;T;F;6211;0.00;0.00;0.00;6211;0;0;18012;;;;;;096153344;;;;Cliente;450;Bella Unión;;x;30;;13.528,47;27.056,94;6;F
5205;2903189;525631;2,00002E+11;389;48;F;F;1515;0.00;0.00;0.00;1515;0;0;18030;;;;;;099087980;;;;Cliente;451;Young;;x;18;;3.501,67;7.003,34;10;F
5205;4120392;366563;2,00002E+11;424;66;F;T;8204;0.00;0.00;0.00;8204;0;0;18031;;;;;;099189826;;;;Cliente;452;Santa Lucía;;x;15;;3.034,64;6.069,28;10;F
5205;3718744;583539;2,00002E+11;492;74;F;T;7320;0.00;0.00;0.00;7320;0;0;18035;;;;;;099859255;;;;Cliente;453;Progreso;;x;25;;2.144,36;4.288,72;9;F
5205;3718744;153541;2,00002E+11;481;37;F;T;5838;0.00;0.00;0.00;5838;0;0;18035;;;;;;098951823;;;;Cliente;454;Paso Carrasco;;x;25;;2.144,36;4.288,72;10;F
5205;3461340;321129;2,00002E+11;81;166;F;T;5693;0.00;0.00;0.00;5693;0;0;18040;;;;;;099268941;;;;Cliente;455;Joaquín Suárez;;x;30;;6.135,35;12.270,70;10;F
5205;3560010;303298;2,00002E+11;326;126;T;T;6637;0.00;0.00;0.00;6637;0;0;18057;;;;;;091801748;;;;Cliente;456;Montevideo;;x;30;;4.717,84;9.435,68;9;F
5205;3795998;718148;2,00002E+11;262;224;T;F;2638;0.00;0.00;0.00;2638;0;0;18059;;;;;;096153344;;;;Cliente;457;Salto;;x;30;;7.014,25;14.028,50;9;F
5205;5010327;870482;2,00002E+11;395;189;T;F;9436;0.00;0.00;0.00;9436;0;0;18062;;;;;;099087980;;;;Cliente;458;Ciudad de la Costa;;x;24;;8.754,70;17.509,40;5;F
5205;3703748;732995;2,00002E+11;173;458;T;F;7172;0.00;0.00;0.00;7172;0;0;18063;;;;;;099189826;;;;Cliente;459;Paysandú;;x;10;;1.226,94;2.453,88;9;F
5205;4242814;312532;2,00002E+11;299;546;T;F;5741;0.00;0.00;0.00;5741;0;0;18077;;;;;;099859255;;;;Cliente;460;Maldonado;;x;24;;5.404,78;10.809,56;9;F
5205;2755558;878219;2,00002E+11;261;463;F;F;3433;0.00;0.00;0.00;3433;0;0;18080;;;;;;098951823;;;;Cliente;461;Rivera;;x;17;;2.265,73;4.531,46;9;F
5205;4215329;449585;2,00002E+11;76;214;F;T;09863;0.00;0.00;0.00;09863;0;0;18086;;;;;;099268941;;;;Cliente;462;Las Piedras;;x;24;;803,04;1.606,08;9;F
5205;1974051;769877;2,00002E+11;203;479;F;T;7363;0.00;0.00;0.00;7363;0;0;18126;;;;;;091801748;;;;Cliente;463;Tacuarembó;;x;24;;2.908,32;5.816,64;9;F
5205;5333007;939925;2,00002E+11;326;337;F;T;5030;0.00;0.00;0.00;5030;0;0;18128;;;;;;096153344;;;;Cliente;464;Melo;;x;24;;1.314,00;2.628,00;9;F
5205;3413910;694636;2,00002E+11;6;196;F;F;6517;0.00;0.00;0.00;6517;0;0;18132;;;;;;099087980;;;;Cliente;465;Artigas;;x;12;;3.195,71;6.391,42;8;F
5205;4969214;714414;2,00002E+11;138;362;T;F;7319;0.00;0.00;0.00;7319;0;0;18140;;;;;;099189826;;;;Cliente;466;Mercedes;;x;27;;4.135,65;8.271,30;9;F
5205;2578344;169746;2,00002E+11;364;276;T;T;2921;0.00;0.00;0.00;2921;0;0;18143;;;;;;099859255;;;;Cliente;467;Minas;;x;9;;1.253,06;2.506,12;9;F
5205;3112381;205925;2,00002E+11;39;166;T;T;4553;0.00;0.00;0.00;4553;0;0;18154;;;;;;098951823;;;;Cliente;468;San José de Mayo;;x;18;;2.475,79;4.951,58;9;F
5205;1873634;931789;2,00002E+11;570;306;T;T;4046;0.00;0.00;0.00;4046;0;0;18171;;;;;;099268941;;;;Cliente;469;Durazno;;x;11;;1.048,63;2.097,26;9;F
5205;2585536;536293;2,00002E+11;250;309;T;T;9071;0.00;0.00;0.00;9071;0;0;18181;;;;;;091801748;;;;Cliente;470;Florida;;x;34;;17.295,93;34.591,86;9;F
5205;3281866;433745;2,00002E+11;473;122;F;T;1685;0.00;0.00;0.00;1685;0;0;18182;;;;;;096153344;;;;Cliente;471;Treinta y Tres;;x;24;;6.857,45;13.714,90;9;F
5205;4333949;819435;2,00002E+11;286;236;F;F;7541;0.00;0.00;0.00;7541;0;0;18194;;;;;;099087980;;;;Cliente;472;Barros Blancos;;x;20;;1.486,31;2.972,62;9;F
5205;3732046;0997559;2,00002E+11;505;399;F;F;8601;0.00;0.00;0.00;8601;0;0;18232;;;;;;099189826;;;;Cliente;473;Ciudad del Plata;;x;30;;13.763,13;27.526,26;9;F
5205;1664615;606727;2,00002E+11;67;439;F;F;6548;0.00;0.00;0.00;6548;0;0;18241;;;;;;099859255;;;;Cliente;474;San Carlos;;x;31;;8.538,57;17.077,14;5;F
5205;4055678;698911;2,00002E+11;378;74;F;F;8019;0.00;0.00;0.00;8019;0;0;18248;;;;;;098951823;;;;Cliente;475;Colonia del Sacramento;;x;31;;5.406,12;10.812,24;9;F
5205;3587686;194956;2,00002E+11;417;291;T;F;9312;0.00;0.00;0.00;9312;0;0;18275;;;;;;099268941;;;;Cliente;476;Pando;;x;12;;1.120,73;2.241,46;9;F
5205;4604201;864514;2,00002E+11;487;290;T;T;5504;0.00;0.00;0.00;5504;0;0;18306;;;;;;091801748;;;;Cliente;477;Rocha;;x;12;;2.778,88;5.557,76;8;F
5205;3701503;225556;2,00002E+11;261;221;T;T;2281;0.00;0.00;0.00;2281;0;0;18308;;;;;;096153344;;;;Cliente;478;Fray Bentos;;x;18;;4.639,45;9.278,90;9;F
5205;4642763;302692;2,00002E+11;469;522;T;T;2437;0.00;0.00;0.00;2437;0;0;18312;;;;;;099087980;;;;Cliente;479;Trinidad;;x;12;;1.105,71;2.211,42;9;F
5205;4378717;0990165;2,00002E+11;270;321;T;T;7243;0.00;0.00;0.00;7243;0;0;18342;;;;;;099189826;;;;Cliente;480;18 de Mayo;;x;24;;2.553,86;5.107,72;9;F
5205;4279692;833999;2,00002E+11;516;386;F;T;09807;0.00;0.00;0.00;09807;0;0;18347;;;;;;099859255;;;;Cliente;481;La Paz;;x;32;;10.864,54;21.729,08;7;F
5205;1557553;826597;2,00002E+11;365;71;F;F;2915;0.00;0.00;0.00;2915;0;0;18369;;;;;;098951823;;;;Cliente;482;Canelones;;x;31;;7.186,89;14.373,78;7;F
5205;1991349;367028;2,00002E+11;410;555;F;F;7738;0.00;0.00;0.00;7738;0;0;18381;;;;;;099268941;;;;Cliente;483;Dolores;;x;18;;2.340,75;4.681,50;9;F
5205;3514093;158813;2,00002E+11;395;419;F;F;9433;0.00;0.00;0.00;9433;0;0;18384;;;;;;091801748;;;;Cliente;484;Carmelo;;x;21;;1.825,45;3.650,90;8;F
5205;3217603;299768;2,00002E+11;36;368;F;F;8014;0.00;0.00;0.00;8014;0;0;18401;;;;;;096153344;;;;Cliente;485;Bella Unión;;x;24;;3.103,70;6.207,40;9;F
5205;4725675;508896;2,00002E+11;176;364;T;F;8297;0.00;0.00;0.00;8297;0;0;18409;;;;;;099087980;;;;Cliente;486;Young;;x;12;;6.091,73;12.183,46;8;F
5205;3014003;749013;2,00002E+11;91;345;T;T;6060;0.00;0.00;0.00;6060;0;0;18423;;;;;;099189826;;;;Cliente;487;Santa Lucía;;x;24;;3.132,27;6.264,54;9;F
5205;3576905;500571;2,00002E+11;589;177;T;T;1917;0.00;0.00;0.00;1917;0;0;18461;;;;;;099859255;;;;Cliente;488;Progreso;;x;12;;1.938,73;3.877,46;7;F